,,,,Premature death,,,,,Poor or fair health,,,,Poor physical health days,,,,Poor mental health days,,,,Low birthweight,,,,,,,Adult smoking,,,,Adult obesity,,,,Food environment index,,Physical inactivity,,,,Access to exercise opportunities,,Excessive drinking,,,,Alcohol-impaired driving deaths,,,,,,Sexually transmitted infections,,,Teen births,,,,,,Uninsured,,,,,Primary care physicians,,,,Dentists,,,,Mental health providers^,,,Previous Mental health providers data -- used to calculate rankings^,,,,Preventable hospital stays,,,,,Diabetic monitoring,,,,,Mammography screening,,,,,High school graduation,,,Some college,,,,,,Unemployment,,,,Children in poverty,,,,,Income inequality,,,,Children in single-parent households,,,,,,Social associations,,,Violent crime,,,Injury deaths,,,,,Air pollution - particulate matter,,Drinking water violations,,Severe housing problems,,,,,Driving alone to work,,,,,,Long commute - driving alone,,,,
FIPS,State,Year,County,# Deaths,Years of Potential Life Lost Rate,95% CI - Low,95% CI - High,Z-Score,% Fair/Poor,95% CI - Low,95% CI - High,Z-Score,Physically Unhealthy Days,95% CI - Low,95% CI - High,Z-Score,Mentally Unhealthy Days,95% CI - Low,95% CI - High,Z-Score,Unreliable,# Low Birthweight Births,# Live Births,% LBW,95% CI - Low,95% CI - High,Z-Score,% Smokers,95% CI - Low,95% CI - High,Z-Score,% Obese,95% CI - Low,95% CI - High,Z-Score,Food Environment Index,Z-Score,% Physically Inactive,95% CI - Low,95% CI - High,Z-Score,% With Access,Z-Score,% Excessive Drinking,95% CI - Low,95% CI - High,Z-Score,# Alcohol-Impaired Driving Deaths,# Driving Deaths,% Alcohol-Impaired,95% CI - Low,95% CI - High,Z-Score,# Chlamydia Cases,Chlamydia Rate,Z-Score,Teen Births,Teen Population,Teen Birth Rate,95% CI - Low,95% CI - High,Z-Score,# Uninsured,% Uninsured,95% CI - Low,95% CI - High,Z-Score,# Primary Care Physicians,PCP Rate,PCP Ratio,Z-Score,# Dentists,Dentist Rate,Dentist Ratio,Z-Score,# Mental Health Providers,MHP Rate,MHP Ratio,# Mental Health Providers,MHP Rate,MHP Ratio,Z-Score,# Medicare Enrollees,Preventable Hosp. Rate,95% CI - Low,95% CI - High,Z-Score,# Diabetics,% Receiving HbA1c,95% CI - Low,95% CI - High,Z-Score,# Medicare Enrollees,% Mammography,95% CI - Low,95% CI - High,Z-Score,Cohort Size,Graduation Rate,Z-Score,# Some College,Population,% Some College,95% CI - Low,95% CI - High,Z-Score,# Unemployed,Labor Force,% Unemployed,Z-Score,# Children in Poverty,% Children in Poverty,95% CI - Low,95% CI - High,Z-Score,80th Percentile Income,20th Percentile Income,Income Ratio,Z-Score,# Single-Parent Households,# Households,% Single-Parent Households,95% CI - Low,95% CI - High,Z-Score,# Associations,Association Rate,Z-Score,# Violent Crimes,Violent Crime Rate,Z-Score,# Injury Deaths,Injury Death Rate,95% CI - Low,95% CI - High,Z-Score,Average Daily PM2.5,Z-Score,Presence of violation,Z-Score,# Households with Severe Problems,% Severe Housing Problems,95% CI - Low,95% CI - High,Z-Score,# Drive Alone,# Workers,% Drive Alone,95% CI - Low,95% CI - High,Z-Score,# Workers who Drive Alone,% Long Commute - Drives Alone,95% CI - Low,95% CI - High,Z-Score
01000,Alabama,2016,,73929,9545,9446,9644,,22,21,23,,4.6,4.4,4.9,,4.7,4.4,5.0,,,43728,427617,10,10,10,,21,20,23,,34,,,,6.6,,29,,,,63,,13,12,15,,1274,4294,30,29,30,,29464,611,,50999,1152977,44,44,45,,636216,16,15,16,,3082,64,1568:1,,2201,45,2203:1,,3607,74,1344:1,4052,84,1197:1,,525015,65,65,66,,74492,85,84,86,,44502,63.0,62.0,63.0,,54400,81,,717300,1229274,58.4,57.8,58.9,,146212,2150128,6.8,,298682,27,26,28,,89929,17194,5.2,,425652,1108890,38,38,39,,6048,12.5,,20077,418,,17817,74,73,75,,12.8,,,,282735,15,15,16,,1691831,1983227,85,85,86,,1691831,33,32,33,
01001,Alabama,2016,Autauga,809,9215,8308,10122,-0.65,19,19,20,-0.93,4.4,4.2,4.6,-1.08,4.3,4.2,4.5,-1.46,,407,4632,9,8,10,-0.86,19,18,19,-1.07,31,26,36,-1.09,7.1,-0.50,29,24,34,-0.93,71,-1.11,15,15,16,1.38,14,44,32,24,40,-0.02,231,416,-0.57,509,14467,35,32,38,-1.22,6351,13,12,15,-1.65,22,40,2511:1,0.18,18,32,3078:1,-0.21,7,13,7914:1,8,14,6924:1,0.67,4921,62,55,70,-0.52,718,84,77,91,0.18,426,62.0,55.0,70.0,-0.20,769,83,-0.13,8234,14581,56.5,51.6,61.4,-0.69,1496,25429,5.9,-0.96,2505,18,13,23,-1.50,101248,23527,4.3,-1.17,3845,14081,27,22,33,-1.19,76,13.8,-0.54,139,254,-0.55,210,76,66,87,-0.30,12.9,0.64,No,-0.62,2715,14,11,16,-0.50,21674,24290,89,87,91,1.44,21674,42,38,45,0.58
01003,Alabama,2016,Baldwin,2506,7455,7002,7907,-1.59,16,16,17,-1.69,4.1,3.9,4.2,-1.68,4.2,4.1,4.4,-1.76,,1300,15281,9,8,9,-1.00,19,18,19,-1.12,27,24,30,-2.09,7.6,-0.85,25,22,28,-2.16,72,-1.17,15,15,16,1.38,56,142,39,35,43,0.69,588,308,-0.90,1655,39764,42,40,44,-0.63,27538,17,16,19,0.48,147,75,1330:1,-1.51,96,48,2084:1,-1.19,156,78,1283:1,175,87,1143:1,-0.63,23601,49,46,52,-1.14,2557,84,80,88,0.13,1995,66.0,62.0,70.0,-1.06,2083,80,0.33,28778,46166,62.3,58.7,65.9,-1.37,5195,85815,6.1,-0.88,8637,20,15,25,-1.31,98117,21829,4.5,-0.91,12118,42933,28,25,32,-1.11,235,12.0,0.02,407,221,-0.73,656,70,65,76,-0.68,13.1,1.66,Yes,1.58,10700,15,13,16,-0.17,69051,82134,84,83,86,-0.13,69051,37,35,39,0.05
01005,Alabama,2016,Barbour,410,8500,7257,9743,-1.03,26,25,26,0.48,4.9,4.7,5.0,-0.07,4.7,4.5,4.8,-0.26,,272,2239,12,11,14,0.77,21,21,22,0.28,41,35,47,1.28,5.1,0.90,33,28,38,0.56,45,0.10,12,12,13,-0.21,9,23,39,28,50,0.66,172,632,0.09,381,5611,68,61,75,1.76,3402,17,15,19,0.46,10,37,2708:1,0.32,10,37,2689:1,-0.51,2,7,13444:1,2,7,13444:1,0.80,3195,61,52,69,-0.60,522,90,82,98,-1.60,313,63.0,54.0,71.0,-0.42,264,81,0.25,3150,7265,43.4,38.0,48.7,0.83,951,8798,10.8,1.30,2137,38,28,48,0.79,71630,13552,5.3,0.19,3180,5837,54,48,60,1.09,22,8.1,1.29,39,147,-1.14,87,64,51,79,-1.06,12.6,-0.80,Yes,1.58,1655,18,15,20,0.70,7607,9108,84,81,86,-0.30,7607,35,30,41,-0.14
01007,Alabama,2016,Bibb,414,11008,9346,12669,0.32,22,21,23,-0.34,4.8,4.6,5.0,-0.28,4.6,4.4,4.8,-0.56,,221,1780,12,11,14,0.90,21,20,22,0.08,40,34,46,1.11,7.4,-0.71,33,28,39,0.66,33,0.69,14,13,14,0.61,11,32,34,25,44,0.22,83,367,-0.72,235,4856,48,42,55,-0.02,2576,15,13,17,-0.85,8,36,2814:1,0.38,4,18,5627:1,0.72,,,,,,,0.00,1927,74,61,86,0.02,334,84,74,94,0.18,174,59.0,48.0,71.0,0.44,270,81,0.17,3012,6156,48.9,40.6,57.3,0.18,611,8560,7.1,-0.38,1237,27,19,35,-0.51,76516,17998,4.3,-1.25,1559,4865,32,22,42,-0.79,22,9.8,0.76,54,236,-0.65,85,75,60,92,-0.41,12.9,0.40,No,-0.62,960,13,9,17,-0.69,6532,7773,84,80,88,-0.15,6532,46,38,53,1.01
01009,Alabama,2016,Blount,876,8656,7800,9512,-0.95,21,20,21,-0.63,4.6,4.4,4.8,-0.68,4.5,4.3,4.7,-0.86,,364,4871,7,7,8,-1.50,19,19,20,-0.72,32,27,38,-0.73,8.3,-1.34,29,23,34,-1.00,26,1.03,14,14,15,0.79,10,52,19,12,27,-1.18,92,159,-1.35,580,12790,45,42,49,-0.29,8470,18,16,19,0.54,15,26,3858:1,0.84,11,19,5247:1,0.64,3,5,19240:1,3,5,19240:1,0.84,4615,63,55,70,-0.50,696,86,79,93,-0.50,386,61.0,54.0,69.0,0.01,690,85,-0.44,7025,14293,49.1,44.4,53.9,0.16,1513,24614,6.1,-0.84,3241,24,19,29,-0.81,82294,19954,4.1,-1.42,3917,13860,28,22,34,-1.11,49,8.5,1.18,127,219,-0.74,255,89,78,99,0.42,12.7,-0.61,No,-0.62,2595,12,10,14,-0.89,18859,22168,85,83,87,0.17,18859,59,54,64,2.45
01011,Alabama,2016,Bullock,167,10262,7959,12565,-0.08,29,29,30,1.29,5.3,5.2,5.5,0.73,4.8,4.7,5.0,0.04,,151,1102,14,12,16,1.52,22,22,23,0.73,45,36,53,2.16,3.9,1.73,33,26,41,0.63,23,1.14,11,11,12,-0.86,11,25,44,34,53,1.11,104,993,1.18,199,2384,83,72,95,3.00,1386,19,16,21,1.02,4,38,2660:1,0.29,2,19,5382:1,0.67,1,9,10764:1,3,28,3588:1,0.43,1119,70,56,85,-0.15,188,88,75,100,-1.10,97,60.0,44.0,75.0,0.23,123,83,-0.06,980,2840,34.5,24.1,44.9,1.85,425,4679,9.1,0.51,980,43,32,55,1.36,68609,11896,5.8,0.87,1656,2283,73,59,86,2.61,11,10.3,0.57,31,283,-0.39,48,90,66,119,0.48,12.8,-0.18,No,-0.62,575,15,9,21,0.04,2961,3810,78,71,85,-2.07,2961,47,34,60,1.16
01013,Alabama,2016,Butler,378,11155,9466,12844,0.40,27,27,28,0.86,5.3,5.2,5.5,0.73,5.1,4.9,5.2,0.95,,206,1872,11,10,12,0.21,23,22,24,0.98,36,31,42,0.13,6.0,0.27,34,29,40,1.09,46,0.06,11,10,11,-1.33,9,29,31,21,41,-0.09,157,773,0.51,249,4398,57,50,64,0.73,2578,16,14,17,-0.55,8,39,2533:1,0.20,5,25,4059:1,0.29,4,20,5074:1,6,30,3383:1,0.40,2828,106,95,117,1.53,486,81,73,89,0.98,234,62.0,52.0,73.0,-0.20,259,68,2.17,2098,4801,43.7,37.9,49.5,0.79,793,9253,8.6,0.28,1735,37,29,45,0.63,66766,13256,5.0,-0.15,2509,4793,52,46,59,0.91,23,11.3,0.24,101,483,0.71,82,80,63,99,-0.12,12.8,0.16,Yes,1.58,1515,19,16,22,1.01,6621,7661,86,83,90,0.58,6621,35,30,40,-0.15
01015,Alabama,2016,Calhoun,2081,10352,9706,10998,-0.03,22,22,23,-0.28,4.9,4.8,5.1,-0.07,4.9,4.8,5.1,0.35,,886,9985,9,8,9,-0.82,24,23,24,1.47,32,29,36,-0.82,6.2,0.13,34,30,37,0.80,59,-0.56,13,12,13,0.08,15,60,25,18,32,-0.65,798,680,0.23,1338,28325,47,45,50,-0.12,15348,16,14,18,-0.32,74,63,1578:1,-0.94,62,53,1870:1,-1.54,102,88,1136:1,111,96,1044:1,-0.78,16577,77,73,82,0.18,2396,81,77,85,0.99,1431,56.0,53.0,60.0,1.09,1265,83,-0.14,15652,29129,53.7,50.1,57.4,-0.37,3716,46924,7.9,-0.02,7080,28,22,34,-0.36,79882,15646,5.1,-0.06,10461,26124,40,36,44,-0.12,166,14.2,-0.69,599,505,0.82,428,73,66,80,-0.53,12.9,0.50,No,-0.62,6650,15,13,16,-0.22,38750,45348,85,84,87,0.29,38750,29,26,31,-0.82
01017,Alabama,2016,Chambers,697,11923,10592,13255,0.81,26,25,26,0.51,5.1,5.0,5.3,0.33,4.9,4.8,5.1,0.35,,343,2828,12,11,13,0.76,21,20,22,-0.02,40,34,46,1.04,5.7,0.48,35,29,41,1.23,61,-0.65,12,12,13,-0.45,14,42,33,25,41,0.12,307,901,0.90,473,7792,61,55,66,1.11,4678,17,15,19,0.10,13,38,2628:1,0.26,9,26,3786:1,0.17,,,,,,,0.00,4968,62,55,69,-0.53,855,84,77,90,0.28,455,60.0,53.0,68.0,0.23,397,76,0.98,3851,8074,47.7,42.2,53.2,0.33,1025,15190,6.7,-0.56,2255,32,24,40,0.04,69447,13664,5.1,-0.09,3943,7327,54,47,60,1.04,62,18.1,-1.97,161,553,1.09,132,77,64,91,-0.25,13.0,0.89,No,-0.62,2380,17,15,20,0.67,11237,13086,86,84,88,0.41,11237,36,31,40,-0.09
01019,Alabama,2016,Cherokee,537,12007,10307,13707,0.86,20,19,21,-0.84,4.6,4.4,4.8,-0.68,4.7,4.5,4.9,-0.26,,147,1639,9,8,10,-0.77,20,19,21,-0.52,33,27,40,-0.66,7.8,-0.99,31,24,38,-0.12,33,0.68,13,13,14,0.32,9,45,20,13,28,-1.11,58,223,-1.16,254,5100,50,44,56,0.11,3415,16,14,18,-0.09,6,23,4367:1,0.99,4,15,6509:1,0.87,5,19,5207:1,6,23,4340:1,0.52,3163,81,71,92,0.37,569,89,81,97,-1.33,284,64.0,55.0,73.0,-0.63,297,82,0.02,3092,5681,54.4,47.2,61.6,-0.45,661,11299,5.9,-0.97,1462,28,20,36,-0.38,76023,14839,5.1,-0.03,1634,5193,31,23,40,-0.84,25,9.5,0.83,98,374,0.11,118,91,74,107,0.55,12.9,0.69,No,-0.62,1525,13,10,16,-0.70,8718,10177,86,84,87,0.35,8718,44,39,49,0.83
01021,Alabama,2016,Chilton,789,10790,9707,11874,0.20,21,20,22,-0.61,4.6,4.4,4.8,-0.68,4.6,4.5,4.8,-0.56,,379,4058,9,8,10,-0.59,21,20,22,0.18,37,31,43,0.40,7.8,-0.99,32,27,38,0.24,32,0.71,14,13,15,0.73,21,73,29,23,35,-0.30,148,338,-0.81,566,9724,58,53,63,0.88,7109,19,17,21,1.37,8,18,5494:1,1.21,11,25,3994:1,0.26,17,39,2584:1,20,46,2197:1,0.12,3330,74,64,83,0.01,432,88,79,97,-0.93,277,66.0,56.0,75.0,-1.06,567,74,1.25,4561,11567,39.4,34.5,44.4,1.28,1201,19121,6.3,-0.77,2896,28,20,35,-0.41,84364,18689,4.5,-0.88,3395,10627,32,25,39,-0.80,66,15.0,-0.95,179,407,0.29,189,86,74,99,0.29,12.9,0.69,No,-0.62,2665,16,14,19,0.33,14328,17433,82,79,85,-0.71,14328,49,44,54,1.38
01023,Alabama,2016,Choctaw,256,12530,10188,14873,1.14,25,25,26,0.42,4.9,4.7,5.0,-0.07,4.8,4.6,4.9,0.04,,101,990,10,8,12,-0.18,19,19,20,-0.92,39,33,44,0.78,5.8,0.41,34,29,39,0.87,20,1.29,11,11,12,-0.92,8,20,40,28,51,0.74,59,433,-0.52,129,3173,41,34,48,-0.72,1692,16,14,18,-0.35,5,37,2685:1,0.30,6,45,2221:1,-1.01,,,,,,,0.00,2312,68,58,79,-0.25,450,88,79,96,-0.95,233,55.0,46.0,65.0,1.30,130,78,0.71,1422,2898,49.1,,,0.17,406,4479,9.1,0.50,867,32,24,40,0.08,76768,12705,6.0,1.25,1280,2910,44,35,53,0.21,28,20.9,-2.86,15,111,-1.34,72,105,82,132,1.41,12.8,0.16,Yes,1.58,705,13,10,17,-0.60,3835,4560,84,80,88,-0.13,3835,42,35,48,0.58
01025,Alabama,2016,Clarke,412,10306,8803,11809,-0.06,26,25,26,0.51,5.3,5.1,5.4,0.73,4.9,4.7,5.0,0.35,,254,1997,13,11,14,1.04,21,21,22,0.18,36,31,42,0.16,4.9,1.04,30,25,36,-0.40,38,0.44,11,11,11,-1.04,15,45,33,26,41,0.12,192,763,0.48,278,6812,41,36,46,-0.71,3233,16,14,17,-0.47,12,48,2101:1,-0.19,7,28,3564:1,0.07,9,36,2772:1,9,36,2772:1,0.28,3500,62,54,70,-0.53,528,79,71,86,1.68,299,60.0,51.0,69.0,0.23,398,85,-0.46,2460,5849,42.1,,,0.98,1010,8101,12.5,2.06,1881,34,25,42,0.29,76704,10695,7.2,2.82,2885,5886,49,40,58,0.63,45,17.9,-1.88,119,464,0.60,108,84,69,100,0.17,13.0,1.08,Yes,1.58,1375,15,12,18,-0.15,6994,8204,85,82,88,0.22,6994,30,25,34,-0.71
01027,Alabama,2016,Clay,244,8484,6726,10241,-1.04,23,23,24,-0.10,5.0,4.8,5.2,0.13,4.8,4.6,5.0,0.04,,121,1033,12,10,14,0.56,20,20,21,-0.22,38,31,45,0.54,7.2,-0.57,36,30,44,1.72,21,1.24,12,12,13,-0.27,4,12,33,18,49,0.12,70,521,-0.25,156,3104,50,42,58,0.15,2081,19,17,21,1.40,5,37,2697:1,0.31,2,15,6776:1,0.91,1,7,13552:1,1,7,13552:1,0.80,2041,99,85,112,1.18,267,87,75,98,-0.59,171,58.0,46.0,69.0,0.66,125,88,-0.83,1319,3083,42.8,34.8,50.8,0.90,393,5446,7.2,-0.35,835,29,21,37,-0.26,72393,14622,5.0,-0.27,1192,3021,39,30,49,-0.17,13,9.6,0.80,44,313,-0.23,44,64,47,86,-1.05,12.9,0.64,No,-0.62,970,17,13,21,0.50,4150,4946,84,81,87,-0.18,4150,37,30,44,0.07
01029,Alabama,2016,Cleburne,289,10847,8955,12740,0.23,18,18,19,-1.22,4.3,4.1,4.5,-1.28,4.4,4.2,4.6,-1.16,,112,1258,9,7,11,-0.81,19,18,19,-1.17,30,23,37,-1.30,7.9,-1.06,33,26,41,0.66,40,0.34,14,14,15,0.85,7,23,30,19,42,-0.14,48,324,-0.85,198,3464,57,49,65,0.78,2032,17,15,19,0.06,4,27,3749:1,0.81,1,7,15080:1,1.43,6,40,2513:1,6,40,2513:1,0.22,2059,64,52,75,-0.47,322,82,72,92,0.62,172,49.0,38.0,59.0,2.59,182,93,-1.60,1762,3557,49.5,41.7,57.3,0.11,387,5764,6.7,-0.58,854,25,18,32,-0.73,78756,14953,5.3,0.17,1028,3568,29,19,38,-1.06,14,9.3,0.90,34,224,-0.71,71,95,74,120,0.82,13.0,0.84,Yes,1.58,775,14,11,17,-0.37,4422,5711,77,73,82,-2.16,4422,50,43,57,1.45
01031,Alabama,2016,Coffee,659,7296,6475,8118,-1.68,21,20,21,-0.61,4.8,4.7,5.0,-0.28,4.6,4.5,4.8,-0.56,,405,4687,9,8,9,-0.93,19,19,20,-0.77,30,26,35,-1.25,6.9,-0.36,29,25,34,-0.68,71,-1.11,13,13,14,0.37,13,40,33,24,41,0.05,306,597,-0.02,474,11542,41,37,45,-0.68,7128,17,15,18,0.10,24,47,2122:1,-0.17,17,33,2995:1,-0.27,25,49,2036:1,34,67,1497:1,-0.26,6647,59,53,65,-0.68,1000,88,82,94,-1.04,577,59.0,53.0,66.0,0.44,672,93,-1.71,8070,13559,59.5,54.7,64.4,-1.04,1351,20213,6.7,-0.59,2974,25,19,31,-0.71,95731,18003,5.3,0.24,4851,12095,40,35,45,-0.11,79,15.5,-1.11,183,364,0.05,140,56,46,65,-1.55,12.6,-0.85,Yes,1.58,2440,13,11,15,-0.73,17951,21112,85,84,86,0.16,17951,24,21,26,-1.39
01033,Alabama,2016,Colbert,969,10076,9096,11057,-0.18,21,21,22,-0.48,4.8,4.6,4.9,-0.28,4.8,4.6,4.9,0.04,,420,4362,10,9,11,-0.45,19,18,19,-1.17,37,32,41,0.28,7.0,-0.43,30,25,34,-0.57,44,0.15,13,13,14,0.37,4,55,7,3,14,-2.29,299,549,-0.17,621,11996,52,48,56,0.29,6419,14,13,16,-1.09,30,55,1817:1,-0.54,22,40,2479:1,-0.71,14,26,3896:1,14,26,3896:1,0.47,8535,73,67,78,-0.04,1456,86,82,91,-0.53,704,70.0,64.0,76.0,-1.92,623,84,-0.28,7374,12932,57.0,52.1,62.0,-0.75,1971,24016,8.2,0.11,2949,25,19,32,-0.68,79764,16762,4.8,-0.54,4027,11856,34,29,39,-0.63,95,17.4,-1.74,204,373,0.10,189,69,60,79,-0.72,12.7,-0.37,No,-0.62,3160,14,12,16,-0.33,18715,20838,90,88,92,1.61,18715,26,23,29,-1.14
01035,Alabama,2016,Conecuh,269,11853,9540,14166,0.77,31,31,32,1.76,5.8,5.7,6.0,1.73,5.3,5.2,5.5,1.55,,145,1064,14,12,16,1.49,24,23,25,1.47,37,31,44,0.42,4.6,1.24,34,27,41,0.77,0,2.24,10,10,11,-1.45,8,34,24,15,33,-0.78,75,578,-0.08,160,3033,53,45,61,0.38,1863,18,16,20,0.79,5,39,2577:1,0.23,2,16,6335:1,0.85,5,39,2534:1,5,39,2534:1,0.22,1913,145,128,161,3.00,314,77,67,86,2.21,173,65.0,53.0,77.0,-0.85,109,88,-0.83,1006,2685,37.5,29.7,45.2,1.51,497,4629,10.7,1.27,1103,41,30,52,1.14,58929,10693,5.5,0.51,1379,2868,48,38,58,0.56,14,10.9,0.40,79,613,1.42,64,98,75,125,0.97,12.9,0.35,No,-0.62,915,19,14,24,1.06,3334,3517,95,,,3.00,3334,41,33,49,0.52
01037,Alabama,2016,Coosa,222,10311,7804,12817,-0.06,25,24,25,0.26,5.1,4.9,5.3,0.33,4.9,4.7,5.0,0.35,,85,692,12,10,15,0.83,22,21,23,0.48,39,32,45,0.80,6.6,-0.15,31,25,38,-0.19,24,1.08,12,12,13,-0.27,13,30,43,34,52,1.05,49,447,-0.48,110,2255,49,40,58,0.02,1527,17,15,19,0.37,1,9,10898:1,1.64,,,,0.00,1,9,10886:1,1,9,10886:1,0.77,1590,76,62,89,0.11,213,88,75,100,-0.95,136,63.0,49.0,76.0,-0.42,94,73,1.48,1092,2637,41.4,32.8,50.1,1.05,389,4400,8.8,0.40,568,29,21,37,-0.25,62753,13742,4.6,-0.81,961,2138,45,33,57,0.29,12,11.0,0.35,27,291,-0.35,56,101,76,131,1.16,12.9,0.69,No,-0.62,770,17,13,21,0.48,3173,3735,85,79,91,0.13,3173,41,33,49,0.52
01039,Alabama,2016,Covington,656,9676,8517,10835,-0.40,21,21,22,-0.48,4.8,4.6,5.0,-0.28,4.8,4.6,5.0,0.04,,301,3134,10,9,11,-0.47,20,19,21,-0.47,32,27,37,-0.92,7.2,-0.57,36,30,41,1.47,51,-0.18,13,13,14,0.20,14,43,33,25,41,0.05,152,400,-0.62,528,8053,66,60,71,1.55,5119,17,15,19,0.19,18,48,2105:1,-0.19,13,34,2916:1,-0.33,19,50,1995:1,20,53,1896:1,-0.01,6356,105,97,113,1.49,924,82,76,87,0.82,538,60.0,53.0,66.0,0.23,442,83,-0.18,4495,8642,52.0,47.0,57.0,-0.17,1224,15771,7.8,-0.10,2493,30,23,38,-0.12,73774,15728,4.7,-0.63,3131,8284,38,33,43,-0.31,49,12.9,-0.27,92,242,-0.62,122,64,53,76,-1.02,12.7,-0.37,No,-0.62,2455,16,14,19,0.37,11888,14446,82,80,85,-0.68,11888,26,23,29,-1.13
01041,Alabama,2016,Crenshaw,222,9118,7325,10912,-0.70,23,23,24,-0.05,4.9,4.7,5.0,-0.07,4.7,4.5,4.8,-0.26,,94,1125,8,7,10,-1.07,20,20,21,-0.22,37,30,44,0.28,5.7,0.48,32,25,38,0.10,36,0.56,13,12,13,0.02,5,19,26,14,39,-0.52,81,575,-0.09,156,3149,50,42,57,0.09,1902,17,15,18,-0.01,2,14,6993:1,1.40,2,14,6989:1,0.94,4,29,3494:1,4,29,3494:1,0.42,2016,76,64,88,0.12,327,82,72,92,0.72,173,61.0,49.0,72.0,0.01,156,98,-2.37,1383,3294,42.0,36.0,48.0,0.99,434,6244,7.0,-0.47,873,28,20,36,-0.37,73961,14480,5.1,-0.05,1298,3238,40,32,48,-0.11,16,11.4,0.21,56,442,0.48,55,79,59,102,-0.17,12.8,-0.18,No,-0.62,705,12,9,16,-0.84,4596,5549,83,79,86,-0.51,4596,45,40,50,0.95
01043,Alabama,2016,Cullman,1334,9491,8725,10258,-0.50,20,19,21,-0.84,4.5,4.3,4.6,-0.88,4.7,4.5,4.8,-0.26,,632,6972,9,8,10,-0.73,20,19,21,-0.37,35,30,40,-0.18,7.7,-0.92,28,24,34,-1.03,38,0.44,14,14,15,0.90,18,82,22,16,28,-0.93,237,295,-0.94,982,17850,55,52,59,0.59,12445,19,17,21,1.18,46,57,1757:1,-0.64,36,44,2258:1,-0.96,83,102,979:1,84,103,968:1,-0.92,10430,57,52,61,-0.80,1458,90,86,95,-1.72,862,63.0,57.0,68.0,-0.42,958,86,-0.66,11161,19500,57.2,52.8,61.7,-0.78,2163,35477,6.1,-0.86,4219,24,18,29,-0.88,78163,16728,4.7,-0.66,5238,18098,29,25,33,-1.05,102,12.6,-0.17,162,201,-0.84,295,73,65,82,-0.49,12.5,-1.24,No,-0.62,4465,14,12,16,-0.30,26884,31847,84,83,86,-0.03,26884,34,31,37,-0.23
01045,Alabama,2016,Dale,735,8368,7513,9224,-1.10,21,21,22,-0.55,4.5,4.4,4.7,-0.88,4.6,4.4,4.7,-0.56,,426,5084,8,8,9,-1.06,20,20,21,-0.32,36,31,42,0.18,6.3,0.06,28,23,33,-1.25,48,-0.03,14,13,14,0.55,18,44,41,33,48,0.82,301,597,-0.02,469,10315,45,41,50,-0.28,6207,15,13,17,-0.88,13,26,3837:1,0.84,17,34,2911:1,-0.33,36,73,1375:1,40,81,1237:1,-0.52,5640,50,44,56,-1.10,889,85,79,92,-0.29,514,57.0,51.0,64.0,0.87,498,82,0.00,8229,13306,61.8,57.4,66.3,-1.31,1459,20397,7.2,-0.37,3869,34,28,39,0.26,82376,16151,5.1,-0.06,4105,11982,34,30,39,-0.60,63,12.6,-0.18,198,396,0.23,164,65,56,76,-0.96,12.5,-1.29,No,-0.62,2325,12,10,14,-1.03,18018,21211,85,82,87,0.13,18018,25,23,28,-1.19
01047,Alabama,2016,Dallas,862,12135,10961,13310,0.93,30,29,31,1.44,6.0,5.8,6.1,2.14,5.4,5.3,5.6,1.85,,577,4459,13,12,14,1.15,25,25,26,2.27,42,39,47,1.66,3.7,1.87,34,31,38,1.02,59,-0.54,10,9,10,-1.81,31,50,62,57,67,2.77,518,1208,1.84,791,11671,68,63,73,1.75,5039,14,12,16,-1.21,34,81,1235:1,-1.78,13,31,3209:1,-0.13,15,36,2781:1,18,43,2317:1,0.16,4737,73,65,80,-0.04,777,77,71,83,2.08,407,67.0,59.0,75.0,-1.28,523,70,1.81,4143,9668,42.9,,,0.89,1821,15747,11.6,1.65,5134,50,40,59,2.09,65630,9864,6.7,2.10,7690,10965,70,63,77,2.41,57,13.6,-0.48,342,782,2.35,175,81,69,93,-0.02,12.9,0.69,No,-0.62,3875,24,21,27,2.64,10715,13513,79,77,81,-1.59,10715,22,18,25,-1.57
01049,Alabama,2016,DeKalb,1135,9813,8998,10628,-0.32,23,22,24,-0.17,4.8,4.6,4.9,-0.28,4.7,4.5,4.9,-0.26,,564,6475,9,8,9,-0.90,19,19,20,-0.82,31,26,36,-1.16,7.9,-1.06,32,27,38,0.38,40,0.34,13,12,13,-0.04,24,69,35,29,41,0.26,175,246,-1.09,926,16448,56,53,60,0.71,13780,23,21,25,3.35,31,44,2291:1,0.00,20,28,3553:1,0.06,12,17,5922:1,14,20,5076:1,0.58,8111,77,71,83,0.16,1204,88,83,93,-0.97,710,59.0,53.0,64.0,0.44,845,85,-0.46,7713,17942,43.0,39.0,47.0,0.87,1989,28655,6.9,-0.47,6314,37,31,42,0.61,71332,16205,4.4,-1.04,5155,17780,29,23,35,-1.05,63,8.9,1.05,173,243,-0.61,326,92,82,102,0.61,12.9,0.69,No,-0.62,3590,14,12,16,-0.37,23358,27185,86,84,88,0.43,23358,29,25,32,-0.84
01051,Alabama,2016,Elmore,1084,8064,7370,8759,-1.26,18,18,19,-1.19,4.2,4.0,4.3,-1.48,4.3,4.1,4.4,-1.46,,638,6999,9,8,10,-0.70,19,19,20,-0.77,30,26,35,-1.23,7.3,-0.64,30,26,35,-0.57,68,-0.98,15,15,16,1.32,31,87,36,30,41,0.34,393,487,-0.36,772,18753,41,38,44,-0.68,7932,12,11,14,-2.24,25,31,3236:1,0.61,11,14,7362:1,0.99,8,10,10122:1,11,14,7362:1,0.69,8761,69,63,75,-0.21,1207,85,80,90,-0.15,749,65.0,59.0,71.0,-0.85,1127,74,1.31,12088,22112,54.7,50.6,58.7,-0.48,2100,36381,5.8,-1.01,3808,21,16,26,-1.20,96873,24491,4.0,-1.66,6107,18501,33,28,38,-0.71,84,10.4,0.56,143,179,-0.96,287,72,64,80,-0.58,12.9,0.60,No,-0.62,3480,12,11,14,-0.88,28692,33370,86,84,88,0.45,28692,46,43,49,1.03
01053,Alabama,2016,Escambia,731,10954,9790,12119,0.29,27,26,27,0.66,5.2,5.0,5.3,0.53,5.0,4.9,5.2,0.65,,350,3342,10,9,12,-0.04,23,22,23,0.93,39,35,44,0.95,6.0,0.27,33,30,37,0.73,56,-0.41,13,12,13,-0.16,30,62,48,43,54,1.52,185,487,-0.36,554,8481,65,60,71,1.53,5377,19,17,21,1.12,16,42,2374:1,0.07,15,40,2516:1,-0.67,14,37,2695:1,14,37,2695:1,0.27,5243,94,86,102,0.97,854,78,72,84,1.76,436,61.0,53.0,68.0,0.01,408,81,0.15,3891,9645,40.3,35.0,45.7,1.18,1167,14194,8.2,0.12,2588,32,23,40,0.04,67436,12292,5.5,0.47,4352,8482,51,43,59,0.83,55,14.5,-0.78,217,565,1.16,203,106,92,121,1.49,12.9,0.64,Yes,1.58,1955,14,12,17,-0.36,10667,12307,87,84,89,0.66,10667,31,26,35,-0.61
01055,Alabama,2016,Etowah,2019,11392,10636,12148,0.53,23,22,23,-0.17,5.0,4.9,5.2,0.13,5.1,4.9,5.3,0.95,,711,8536,8,8,9,-1.08,22,22,23,0.73,35,31,39,-0.18,6.7,-0.22,33,29,36,0.41,44,0.16,13,12,13,0.08,20,73,27,21,34,-0.42,726,695,0.28,1211,23509,52,49,54,0.27,13664,16,15,18,-0.25,81,78,1283:1,-1.64,51,49,2030:1,-1.27,93,90,1113:1,102,99,1015:1,-0.83,14383,82,78,87,0.42,2279,85,81,89,-0.11,1203,59.0,54.0,63.0,0.44,1242,80,0.35,13484,25829,52.2,48.7,55.7,-0.19,3063,43578,7.0,-0.43,6606,30,23,36,-0.20,76328,16203,4.7,-0.61,8661,23173,37,34,41,-0.34,171,16.5,-1.42,509,498,0.79,384,74,66,81,-0.47,12.8,0.02,No,-0.62,5735,14,13,16,-0.34,33924,39201,87,84,89,0.62,33924,27,25,30,-1.00
01057,Alabama,2016,Fayette,342,10604,8881,12326,0.10,22,22,23,-0.30,4.9,4.7,5.1,-0.07,4.7,4.5,4.9,-0.26,,140,1315,11,9,12,0.04,21,20,21,-0.17,32,26,39,-0.73,7.4,-0.71,31,25,37,-0.29,27,0.94,13,12,13,-0.10,5,14,36,21,50,0.34,63,371,-0.71,192,3743,51,44,59,0.25,2083,15,13,17,-0.64,7,41,2416:1,0.10,5,30,3375:1,-0.03,2,12,8437:1,2,12,8437:1,0.72,2534,101,88,113,1.28,398,81,72,90,0.95,206,58.0,47.0,68.0,0.66,196,78,0.71,1727,3791,45.6,38.1,53.0,0.57,496,6281,7.9,-0.03,1056,29,21,37,-0.23,71100,13483,5.3,0.18,1560,3702,42,34,51,0.06,18,10.6,0.47,29,174,-0.99,84,98,78,122,0.99,12.5,-1.53,No,-0.62,765,11,8,14,-1.38,5067,5944,85,81,89,0.22,5067,36,29,42,-0.09
01059,Alabama,2016,Franklin,605,12179,10820,13538,0.95,23,23,24,-0.08,5.1,4.9,5.2,0.33,4.8,4.7,5.0,0.04,,283,3153,9,8,10,-0.77,20,19,20,-0.57,34,29,40,-0.30,7.5,-0.78,35,29,41,1.23,59,-0.54,13,12,13,-0.10,6,25,24,14,35,-0.74,101,318,-0.87,427,7339,58,53,64,0.88,5376,20,18,23,1.99,15,48,2102:1,-0.19,7,22,4514:1,0.44,2,6,15801:1,3,9,10534:1,0.76,4683,97,87,106,1.09,734,86,79,92,-0.31,400,55.0,48.0,63.0,1.30,402,87,-0.69,3440,8092,42.5,37.0,48.0,0.93,1063,13641,7.8,-0.08,2688,36,28,43,0.49,72366,15565,4.6,-0.69,3222,7639,42,30,54,0.06,32,10.1,0.63,120,380,0.14,187,118,101,135,2.18,12.3,-2.50,No,-0.62,1800,14,12,17,-0.24,10039,12329,81,78,85,-0.94,10039,35,30,41,-0.10
01061,Alabama,2016,Geneva,474,8851,7584,10117,-0.84,22,21,23,-0.34,4.9,4.7,5.1,-0.07,4.8,4.6,5.0,0.04,,194,2179,9,8,10,-0.81,22,21,23,0.53,35,29,41,-0.18,7.5,-0.78,31,25,37,-0.29,27,0.94,13,13,14,0.14,6,21,29,17,41,-0.32,124,460,-0.44,323,5825,55,49,62,0.63,4180,19,17,21,1.42,7,26,3818:1,0.83,2,7,13356:1,1.37,4,15,6678:1,4,15,6678:1,0.66,4287,84,75,93,0.48,681,87,80,94,-0.75,361,60.0,52.0,68.0,0.23,251,86,-0.56,3039,6376,47.7,41.5,53.8,0.33,727,10783,6.7,-0.56,2129,36,28,45,0.59,74546,15430,4.8,-0.44,2534,5942,43,36,50,0.10,28,10.5,0.53,86,320,-0.19,114,85,70,101,0.22,12.5,-1.29,No,-0.62,1405,13,10,15,-0.75,8880,10645,83,80,87,-0.33,8880,44,39,49,0.83
01063,Alabama,2016,Greene,172,12011,9389,14632,0.86,36,35,37,2.79,6.2,6.0,6.5,2.54,5.6,5.4,5.8,2.45,,135,820,16,14,19,2.86,27,26,28,2.82,46,39,53,2.50,3.2,2.22,33,27,39,0.63,15,1.52,9,8,9,-2.45,10,31,32,23,42,0.02,115,1296,2.10,118,2276,52,43,61,0.30,1230,17,15,19,0.23,3,34,2915:1,0.44,1,12,8553:1,1.11,1,12,8553:1,1,12,8553:1,0.72,1141,105,88,122,1.48,208,86,73,98,-0.32,114,61.0,46.0,75.0,0.01,86,73,1.48,730,1740,42.0,30.8,53.1,0.99,379,3000,12.6,2.14,905,46,33,59,1.66,49864,10323,4.8,-0.44,1028,2068,50,35,65,0.69,9,10.3,0.59,93,1113,3.00,35,78,55,109,-0.20,12.9,0.40,No,-0.62,530,16,11,21,0.31,1863,2432,77,68,86,-2.41,1863,52,40,63,1.65
01065,Alabama,2016,Hale,276,10037,8241,11834,-0.20,29,29,30,1.27,5.6,5.5,5.8,1.33,5.1,5.0,5.3,0.95,,204,1431,14,12,16,1.79,22,21,23,0.48,36,30,42,0.11,6.1,0.20,35,30,41,1.40,58,-0.52,10,10,11,-1.57,11,23,48,38,57,1.46,194,1261,2.00,181,4251,43,36,49,-0.55,2032,16,14,18,-0.25,2,13,7703:1,1.46,2,13,7592:1,1.01,1,7,15184:1,3,20,5061:1,0.58,1992,82,70,94,0.41,329,77,68,87,2.08,196,65.0,54.0,77.0,-0.85,237,78,0.63,1648,3375,48.8,40.7,57.0,0.20,602,6142,9.8,0.84,1295,37,27,47,0.64,65128,11630,5.6,0.63,2169,3673,59,50,68,1.48,8,5.2,2.25,27,170,-1.01,54,69,52,90,-0.74,12.9,0.64,No,-0.62,1205,20,16,24,1.50,4404,5117,86,83,89,0.47,4404,42,35,48,0.56
01067,Alabama,2016,Henry,307,9773,7959,11588,-0.34,21,20,21,-0.66,4.4,4.3,4.6,-1.08,4.4,4.3,4.6,-1.16,,107,1284,8,7,10,-1.08,18,17,18,-1.67,35,29,42,-0.06,7.5,-0.78,29,24,35,-0.89,32,0.75,13,12,13,-0.10,3,12,25,10,42,-0.65,105,607,0.01,173,3811,45,39,52,-0.29,2323,17,15,19,0.20,5,29,3459:1,0.70,5,29,3438:1,0.00,3,17,5730:1,3,17,5730:1,0.62,2925,46,38,54,-1.30,464,89,80,97,-1.18,270,57.0,48.0,66.0,0.87,171,78,0.71,2356,3989,59.1,50.5,67.7,-0.99,506,6799,7.4,-0.24,984,27,19,35,-0.44,85169,15556,5.5,0.46,1121,3723,30,22,38,-0.95,28,16.2,-1.34,55,318,-0.20,62,72,55,92,-0.59,12.5,-1.58,No,-0.62,860,12,9,16,-0.85,5569,6419,87,84,90,0.68,5569,35,29,41,-0.13
01069,Alabama,2016,Houston,1468,8733,8070,9397,-0.90,21,21,22,-0.55,4.7,4.6,4.9,-0.48,4.5,4.3,4.6,-0.86,,875,9364,9,9,10,-0.59,19,19,20,-0.72,34,30,38,-0.44,6.6,-0.15,31,27,34,-0.29,53,-0.29,14,13,14,0.43,17,74,23,17,29,-0.83,721,697,0.28,1177,22770,52,49,55,0.29,13714,16,15,17,-0.37,93,90,1115:1,-2.20,63,60,1654:1,-1.98,116,111,898:1,150,144,695:1,-1.64,13561,55,51,59,-0.89,1952,86,82,90,-0.35,1194,64.0,60.0,69.0,-0.63,1067,88,-0.97,14762,26513,55.7,53.6,57.8,-0.60,3053,44834,6.8,-0.53,7564,31,26,36,-0.01,85229,16939,5.0,-0.16,10625,24584,43,41,46,0.15,134,12.9,-0.27,448,442,0.48,330,65,58,72,-1.02,12.4,-2.01,No,-0.62,5235,14,13,14,-0.53,38874,43969,88,87,89,1.19,38874,27,25,28,-1.03
01071,Alabama,2016,Jackson,1079,11745,10636,12854,0.72,21,20,21,-0.63,4.9,4.7,5.1,-0.07,4.7,4.6,4.9,-0.26,,361,4118,9,8,10,-0.87,20,19,21,-0.32,31,25,37,-1.16,7.6,-0.85,32,26,38,0.24,37,0.51,13,13,14,0.37,14,65,22,15,28,-0.97,129,243,-1.10,619,11473,54,50,58,0.49,7740,18,16,20,0.72,32,60,1655:1,-0.80,18,34,2926:1,-0.32,21,40,2508:1,21,40,2508:1,0.22,8359,103,96,110,1.40,1418,85,80,90,-0.17,787,53.0,48.0,58.0,1.73,585,88,-0.88,5542,12683,43.7,39.5,47.9,0.79,1680,23306,7.2,-0.35,3241,29,23,35,-0.28,74365,15623,4.8,-0.54,3258,11622,28,23,33,-1.13,48,9.1,0.99,143,274,-0.44,249,94,82,105,0.72,13.2,1.80,Yes,1.58,2055,10,8,11,-1.69,18326,20521,89,87,92,1.46,18326,37,33,41,0.10
01073,Alabama,2016,Jefferson,10094,10309,10031,10588,-0.06,19,19,20,-0.99,4.5,4.4,4.6,-0.88,4.5,4.4,4.7,-0.86,,7308,65138,11,11,12,0.32,17,16,17,-2.01,34,32,36,-0.42,5.9,0.34,28,27,30,-1.07,78,-1.43,15,14,15,1.02,78,478,16,14,19,-1.45,5290,802,0.60,6792,152307,45,44,46,-0.36,81122,15,14,16,-1.01,670,102,984:1,-2.76,540,82,1224:1,-3.33,848,128,779:1,969,147,682:1,-1.69,50707,47,45,49,-1.24,5996,86,83,88,-0.33,4029,66.0,63.0,68.0,-1.06,7918,80,0.35,117891,177534,66.4,64.8,68.0,-1.84,19672,311833,6.3,-0.76,44281,29,27,32,-0.21,96615,17669,5.5,0.45,65661,152148,43,42,45,0.14,997,15.1,-0.99,4671,717,1.99,2517,76,73,79,-0.31,12.7,-0.37,No,-0.62,46675,18,17,19,0.83,243513,286057,85,84,86,0.19,243513,32,31,33,-0.46
01075,Alabama,2016,Lamar,285,9785,7922,11648,-0.34,22,22,23,-0.28,5.0,4.8,5.2,0.13,4.8,4.6,5.0,0.04,,107,1079,10,8,12,-0.31,21,21,22,0.28,33,27,39,-0.70,7.4,-0.71,33,27,40,0.63,22,1.22,12,12,13,-0.39,5,11,45,30,59,1.24,47,330,-0.84,150,3034,49,42,57,0.08,1794,16,14,18,-0.38,,,,0.00,3,21,4695:1,0.50,2,14,7043:1,2,14,7043:1,0.68,2416,85,73,97,0.53,360,84,74,93,0.25,206,56.0,46.0,67.0,1.09,176,83,-0.06,1650,3289,50.2,40.9,59.5,0.04,396,5547,7.1,-0.38,857,28,20,36,-0.33,63664,14848,4.3,-1.20,1044,3086,34,22,46,-0.64,14,9.8,0.74,7,50,-1.67,65,90,70,115,0.52,12.4,-1.87,No,-0.62,765,13,9,16,-0.83,4481,5479,82,79,84,-0.83,4481,32,26,38,-0.47
01077,Alabama,2016,Lauderdale,1433,8870,8168,9573,-0.83,19,19,20,-0.97,4.5,4.3,4.6,-0.88,4.6,4.4,4.7,-0.56,,674,6723,10,9,11,-0.26,19,18,20,-0.97,32,28,36,-0.92,7.2,-0.57,30,26,33,-0.61,63,-0.72,14,13,14,0.49,20,71,28,22,34,-0.35,354,383,-0.67,724,22607,32,30,34,-1.51,11158,15,13,17,-0.83,46,50,2017:1,-0.28,45,48,2069:1,-1.21,107,115,870:1,113,121,824:1,-1.24,13913,61,57,65,-0.57,1874,87,83,91,-0.72,1116,67.0,62.0,71.0,-1.28,1045,90,-1.26,12662,21373,59.2,55.2,63.3,-1.01,3114,43367,7.2,-0.36,4951,26,21,31,-0.56,83806,16304,5.1,-0.01,6409,19340,33,28,38,-0.70,140,15.1,-0.98,167,180,-0.96,311,67,60,75,-0.86,13.1,1.32,No,-0.62,5765,15,13,17,-0.06,34344,39432,87,85,89,0.79,34344,30,27,32,-0.71
01079,Alabama,2016,Lawrence,614,11488,10147,12830,0.58,20,19,20,-0.84,4.7,4.5,4.8,-0.48,4.6,4.4,4.7,-0.56,,253,2660,10,8,11,-0.51,20,20,21,-0.27,36,30,43,0.20,7.6,-0.85,35,28,42,1.26,49,-0.07,14,13,14,0.61,14,51,27,20,35,-0.42,100,296,-0.94,401,7968,50,45,55,0.16,5086,18,16,20,0.84,8,24,4198:1,0.94,2,6,16739:1,1.47,24,72,1395:1,24,72,1395:1,-0.35,5416,73,65,80,-0.03,1045,87,82,93,-0.80,547,56.0,50.0,62.0,1.09,383,89,-1.06,4207,8191,51.4,45.1,57.6,-0.10,1153,13988,8.2,0.13,1666,23,16,30,-0.92,80551,17785,4.5,-0.86,2507,7562,33,27,40,-0.70,48,14.3,-0.72,66,194,-0.88,188,110,95,126,1.73,12.5,-1.19,No,-0.62,1380,10,8,12,-1.52,11406,12735,90,87,92,1.54,11406,46,41,51,1.05
01081,Alabama,2016,Lee,1509,7146,6655,7637,-1.76,22,21,22,-0.41,4.5,4.4,4.7,-0.88,4.5,4.4,4.7,-0.86,,904,11621,8,7,8,-1.35,20,20,21,-0.27,30,26,34,-1.42,6.1,0.20,23,20,27,-2.87,63,-0.73,16,15,17,2.02,25,89,28,23,34,-0.36,765,519,-0.26,1060,45920,23,22,25,-2.33,21142,16,14,18,-0.26,69,46,2187:1,-0.10,43,28,3587:1,0.08,106,69,1455:1,120,78,1285:1,-0.46,12144,47,43,51,-1.26,1757,85,80,89,-0.03,1054,61.0,57.0,66.0,0.01,1526,87,-0.74,26852,39458,68.1,64.6,71.5,-2.03,3969,70960,5.6,-1.09,8668,26,22,31,-0.55,93395,14962,6.2,1.53,10649,32145,33,29,37,-0.70,131,8.7,1.11,309,218,-0.75,331,46,41,51,-2.13,12.9,0.50,Yes,1.58,10765,19,18,21,1.27,55329,66091,84,83,85,-0.24,55329,27,24,29,-1.04
01083,Alabama,2016,Limestone,1120,7702,7049,8356,-1.46,19,19,20,-1.01,4.4,4.2,4.5,-1.08,4.4,4.2,4.6,-1.16,,667,7026,9,9,10,-0.52,19,18,19,-1.12,34,29,39,-0.46,7.7,-0.92,32,26,37,0.10,53,-0.26,15,14,15,1.08,24,92,26,21,32,-0.55,218,249,-1.08,670,17994,37,34,40,-1.03,11888,16,15,18,-0.26,29,33,3064:1,0.52,25,28,3631:1,0.10,30,33,3026:1,31,34,2929:1,0.32,9158,72,66,78,-0.07,1334,88,83,93,-1.08,793,66.0,61.0,72.0,-1.06,829,90,-1.19,13248,24049,55.1,51.4,58.7,-0.53,2381,39016,6.1,-0.86,3970,19,14,24,-1.41,101443,21254,4.8,-0.52,5676,20467,28,23,32,-1.15,82,9.2,0.93,104,124,-1.27,264,62,55,70,-1.17,13.0,1.13,Yes,1.58,3765,12,10,14,-0.97,32086,36436,88,87,90,1.08,32086,39,36,41,0.23
01085,Alabama,2016,Lowndes,228,13399,10887,15911,1.61,32,31,32,1.78,5.7,5.5,5.9,1.53,5.2,5.0,5.4,1.25,,147,1106,13,11,15,1.32,23,22,24,1.12,46,40,53,2.62,2.8,2.50,31,26,36,-0.19,2,2.17,10,9,10,-1.75,18,34,53,45,60,1.94,129,1188,1.77,170,3069,55,47,64,0.62,1360,15,13,17,-0.65,1,9,10703:1,1.63,1,9,10580:1,1.25,,,,,,,0.00,1477,53,41,64,-0.98,234,86,74,98,-0.41,126,68.0,54.0,83.0,-1.49,153,78,0.71,1111,2405,46.2,37.7,54.7,0.50,504,3906,12.9,2.26,1040,43,32,53,1.32,63234,11337,5.6,0.60,1594,2569,62,52,72,1.73,8,7.5,1.50,61,554,1.10,53,96,72,125,0.84,12.9,0.40,No,-0.62,1055,25,20,29,2.91,2712,3430,79,75,83,-1.66,2712,57,48,66,2.23
01087,Alabama,2016,Macon,355,11671,9857,13484,0.68,31,30,32,1.69,5.6,5.4,5.8,1.33,5.2,5.0,5.4,1.25,,201,1566,13,11,15,1.10,24,22,25,1.32,42,35,51,1.66,3.6,1.94,31,25,37,-0.08,48,-0.02,10,10,11,-1.57,17,37,46,38,53,1.29,251,1222,1.88,245,8059,30,27,34,-1.66,2367,16,14,18,-0.34,6,30,3281:1,0.63,5,26,3885:1,0.22,63,324,308:1,63,324,308:1,-3.00,2206,43,35,50,-1.46,343,84,74,93,0.23,200,62.0,51.0,73.0,-0.20,207,84,-0.29,2263,4088,55.4,48.9,61.8,-0.56,750,8211,9.1,0.53,1542,44,32,56,1.51,66841,11981,5.6,0.60,2284,3830,60,51,68,1.53,19,9.7,0.79,134,625,1.49,87,84,67,103,0.13,12.8,0.21,Yes,1.58,1605,20,17,23,1.39,5631,7418,76,72,80,-2.62,5631,36,31,40,-0.06
01089,Alabama,2016,Madison,3954,7458,7129,7786,-1.59,18,18,19,-1.15,4.2,4.0,4.3,-1.48,4.3,4.1,4.4,-1.46,,2920,29092,10,10,10,-0.26,20,20,21,-0.32,31,29,34,-1.01,7.0,-0.43,25,22,27,-2.38,82,-1.65,14,13,14,0.43,48,191,25,21,29,-0.63,1832,534,-0.21,2549,82535,31,30,32,-1.61,39932,14,12,15,-1.52,305,88,1137:1,-2.11,194,55,1806:1,-1.66,338,96,1036:1,382,109,917:1,-1.02,38648,50,48,53,-1.09,4851,87,84,89,-0.66,3038,68.0,65.0,71.0,-1.49,3818,87,-0.68,64316,89922,71.5,69.2,73.8,-2.43,10453,169656,6.2,-0.83,15731,20,17,24,-1.25,118798,23376,5.1,-0.09,25048,78433,32,30,34,-0.80,387,11.2,0.30,1827,543,1.04,984,58,54,62,-1.41,13.1,1.27,No,-0.62,16665,13,12,13,-0.78,138807,160576,86,86,87,0.59,138807,23,22,24,-1.43
01091,Alabama,2016,Marengo,362,11014,9304,12724,0.32,29,28,30,1.18,5.5,5.3,5.7,1.13,5.1,5.0,5.3,0.95,,226,1808,13,11,14,0.94,22,21,23,0.58,41,37,46,1.40,4.9,1.04,35,30,39,1.19,55,-0.34,11,10,11,-1.22,11,38,29,20,38,-0.28,132,647,0.13,257,5475,47,41,53,-0.15,2522,15,14,17,-0.60,7,35,2879:1,0.42,5,25,4022:1,0.27,5,25,4022:1,5,25,4022:1,0.49,2958,82,72,92,0.39,533,80,73,88,1.20,265,54.0,45.0,63.0,1.52,324,85,-0.50,2161,4545,47.5,40.4,54.7,0.34,611,7597,8.0,0.03,1500,33,23,42,0.17,73788,11163,6.6,2.04,2332,4777,49,40,57,0.62,40,19.8,-2.53,84,403,0.27,72,70,55,88,-0.71,13.0,0.93,No,-0.62,1315,15,12,19,0.02,6003,7041,85,82,88,0.23,6003,28,23,33,-0.90
01093,Alabama,2016,Marion,613,12061,10554,13569,0.89,23,22,24,-0.14,5.0,4.8,5.3,0.13,4.9,4.7,5.1,0.35,,208,2255,9,8,10,-0.65,20,20,21,-0.27,35,29,41,-0.13,7.5,-0.78,36,31,41,1.54,49,-0.08,13,12,14,0.08,1,28,4,0,14,-2.63,67,221,-1.17,342,6277,54,49,60,0.54,3838,16,14,18,-0.25,19,63,1597:1,-0.91,6,20,5045:1,0.59,2,7,15136:1,4,13,7568:1,0.69,4732,106,96,115,1.53,840,90,84,96,-1.58,414,55.0,48.0,62.0,1.30,345,76,1.01,3571,7091,50.4,43.2,57.5,0.02,979,12160,8.1,0.04,1663,26,19,34,-0.55,68567,15298,4.5,-0.93,1827,6375,29,22,36,-1.07,35,11.5,0.18,70,226,-0.70,157,103,87,119,1.27,12.2,-2.74,Yes,1.58,1470,12,9,14,-1.13,9443,11230,84,81,87,-0.13,9443,28,23,32,-0.95
01095,Alabama,2016,Marshall,1654,10703,9966,11439,0.16,22,21,23,-0.34,4.9,4.7,5.1,-0.07,4.8,4.7,5.0,0.04,,758,9584,8,7,8,-1.29,20,20,21,-0.22,35,30,41,-0.11,7.5,-0.78,32,27,37,0.10,65,-0.82,14,13,14,0.61,25,90,28,22,33,-0.39,240,253,-1.07,1309,20939,63,59,66,1.27,17315,22,20,24,2.80,58,61,1634:1,-0.84,29,31,3263:1,-0.09,197,208,480:1,203,215,466:1,-2.90,13103,83,78,88,0.44,1865,83,79,87,0.53,1126,58.0,54.0,63.0,0.66,1139,88,-0.88,11140,23488,47.4,44.0,50.8,0.36,2652,39588,6.7,-0.58,7592,33,27,39,0.24,82483,17265,4.8,-0.51,7561,23237,33,28,37,-0.75,95,10.0,0.67,207,228,-0.69,340,73,65,80,-0.54,12.7,-0.27,No,-0.62,4550,13,12,15,-0.62,29708,36802,81,79,83,-1.15,29708,30,27,32,-0.70
01097,Alabama,2016,Mobile,6589,10302,9952,10652,-0.06,24,23,24,0.01,4.9,4.8,5.0,-0.07,5.0,4.9,5.2,0.65,,4844,40911,12,12,12,0.62,21,20,21,-0.17,36,34,39,0.16,5.9,0.34,30,27,32,-0.61,69,-1.05,15,14,15,1.08,124,332,37,35,40,0.50,3280,792,0.57,5469,102604,53,52,55,0.43,58018,17,15,18,0.00,272,66,1522:1,-1.05,205,49,2025:1,-1.28,300,72,1384:1,338,81,1228:1,-0.53,32164,64,61,67,-0.46,4258,86,83,88,-0.30,2611,62.0,59.0,65.0,-0.20,4541,77,0.80,61223,105199,58.2,56.2,60.2,-0.89,14186,184133,7.7,-0.12,29300,30,25,34,-0.16,87979,16718,5.3,0.16,43834,100424,44,42,46,0.18,475,11.5,0.20,2472,597,1.33,1617,78,75,82,-0.19,13.0,0.79,No,-0.62,27905,18,17,19,0.77,142845,167645,85,84,86,0.21,142845,33,32,35,-0.35
01099,Alabama,2016,Monroe,392,11053,9391,12716,0.34,26,25,27,0.55,5.3,5.1,5.4,0.73,5.1,4.9,5.3,0.95,,292,1850,16,14,17,2.53,22,21,23,0.53,37,32,44,0.42,4.4,1.38,32,27,38,0.27,53,-0.29,11,11,12,-1.04,10,28,36,26,45,0.34,123,544,-0.18,331,5802,57,51,63,0.77,3353,18,16,20,0.92,6,27,3706:1,0.79,5,23,4389:1,0.40,10,46,2195:1,11,50,1995:1,0.03,2827,66,57,75,-0.34,435,78,70,86,1.81,242,65.0,55.0,75.0,-0.85,314,79,0.48,2065,4960,41.6,34.1,49.2,1.03,851,7530,11.3,1.53,1693,33,24,43,0.24,70617,9785,7.2,2.89,2934,5493,53,43,64,1.00,30,13.5,-0.46,116,540,1.02,84,74,59,91,-0.46,13.0,0.84,No,-0.62,1310,15,12,18,-0.06,6388,7176,89,85,93,1.37,6388,36,30,42,-0.01
01101,Alabama,2016,Montgomery,2977,9166,8720,9611,-0.67,24,23,24,0.04,4.9,4.7,5.0,-0.07,4.7,4.5,4.8,-0.26,,2683,22839,12,11,12,0.57,20,19,20,-0.57,34,30,37,-0.44,5.4,0.69,28,25,31,-1.18,76,-1.35,13,13,14,0.37,58,141,41,37,45,0.85,3039,1320,2.18,2903,58004,50,48,52,0.14,28932,15,14,17,-0.65,205,90,1106:1,-2.23,150,66,1508:1,-2.35,218,96,1038:1,255,113,887:1,-1.09,20403,47,44,50,-1.26,2532,82,78,85,0.85,1626,65.0,61.0,69.0,-0.85,2057,64,2.79,37775,61670,61.3,58.6,63.9,-1.24,7246,104838,6.9,-0.48,17190,32,27,37,0.11,94124,16979,5.5,0.55,28891,55243,52,49,55,0.91,347,15.3,-1.05,849,367,0.07,675,59,55,63,-1.35,12.8,0.26,No,-0.62,16765,19,18,20,1.10,83522,98309,85,84,86,0.14,83522,18,16,19,-2.03
01103,Alabama,2016,Morgan,1833,9466,8828,10104,-0.51,19,19,20,-1.01,4.5,4.3,4.6,-0.88,4.5,4.3,4.6,-0.86,,919,10501,9,8,9,-0.88,19,18,19,-1.17,32,28,37,-0.78,7.6,-0.85,31,26,35,-0.29,71,-1.13,14,13,14,0.49,17,77,22,16,28,-0.92,506,420,-0.56,1285,26887,48,45,50,-0.07,17209,17,16,19,0.39,61,51,1964:1,-0.35,59,49,2027:1,-1.28,142,119,842:1,153,128,782:1,-1.36,15480,63,59,67,-0.48,2358,85,81,88,-0.05,1358,62.0,58.0,66.0,-0.20,1445,81,0.24,15986,30553,52.3,49.0,55.6,-0.21,3694,55799,6.6,-0.62,6365,23,18,29,-0.89,90432,19727,4.6,-0.78,9132,28027,33,30,36,-0.74,146,12.2,-0.03,279,233,-0.67,445,74,67,81,-0.43,12.6,-0.90,No,-0.62,5780,13,11,14,-0.82,44947,51258,88,86,89,0.97,44947,36,34,39,0.00
01105,Alabama,2016,Perry,209,13919,11227,16610,1.88,34,33,35,2.27,6.0,5.8,6.2,2.14,5.4,5.3,5.6,1.85,,132,963,14,12,16,1.52,25,24,25,1.87,38,32,44,0.56,4.8,1.11,33,27,39,0.45,78,-1.47,10,9,10,-1.81,10,19,53,42,62,1.91,115,1130,1.60,154,3308,47,39,54,-0.18,1182,15,13,17,-0.59,3,30,3340:1,0.65,2,20,4913:1,0.56,2,20,4913:1,2,20,4913:1,0.57,1474,65,53,77,-0.39,252,80,69,91,1.24,134,59.0,46.0,72.0,0.44,135,88,-0.83,597,1840,32.4,22.3,42.6,2.09,430,3454,12.4,2.05,1437,66,55,77,3.00,55397,9396,5.9,1.04,1605,2382,67,55,79,2.17,11,11.0,0.36,,,0.00,41,79,57,107,-0.15,13.0,0.79,No,-0.62,800,23,18,28,2.29,2011,2499,80,73,88,-1.23,2011,49,35,62,1.32
01107,Alabama,2016,Pickens,366,10664,8913,12415,0.13,26,25,27,0.55,5.1,5.0,5.3,0.33,5.0,4.8,5.1,0.65,,196,1616,12,11,14,0.76,22,21,22,0.38,37,32,43,0.47,6.3,0.06,34,28,39,0.80,1,2.18,11,11,12,-0.80,15,26,58,49,65,2.38,127,654,0.15,192,4585,42,36,48,-0.61,2608,17,15,19,0.13,7,36,2772:1,0.36,2,10,10183:1,1.22,2,10,10183:1,4,20,5091:1,0.58,2982,70,61,79,-0.17,480,88,80,96,-0.99,263,66.0,56.0,76.0,-1.06,198,88,-0.83,2094,4387,47.7,,,0.32,611,7429,8.2,0.12,1417,35,26,43,0.38,66180,11224,5.9,1.05,2067,4353,47,41,54,0.51,24,12.4,-0.09,43,226,-0.71,92,94,76,116,0.76,12.7,-0.66,No,-0.62,1225,15,12,18,0.01,5404,6407,84,81,87,-0.05,5404,50,44,57,1.50
01109,Alabama,2016,Pike,502,10717,9356,12079,0.16,26,25,26,0.44,5.1,4.9,5.2,0.33,5.1,4.9,5.2,0.95,,272,2787,10,9,11,-0.39,22,22,23,0.73,34,28,40,-0.32,5.9,0.34,29,24,34,-1.00,60,-0.61,13,13,14,0.37,7,33,21,12,31,-1.00,333,1004,1.21,333,11538,29,26,32,-1.80,4715,17,15,20,0.43,17,51,1961:1,-0.35,9,27,3710:1,0.14,5,15,6678:1,7,21,4770:1,0.55,3902,64,56,72,-0.44,569,89,81,97,-1.28,372,70.0,62.0,79.0,-1.92,314,77,0.77,4310,7469,57.7,50.9,64.5,-0.83,1082,14839,7.3,-0.31,2172,34,27,41,0.32,74413,12050,6.2,1.43,3146,6526,48,42,55,0.57,32,9.6,0.81,145,440,0.47,126,76,63,90,-0.31,12.7,-0.42,No,-0.62,2355,18,15,21,0.88,12350,14425,86,82,89,0.34,12350,21,18,24,-1.67
01111,Alabama,2016,Randolph,394,11034,9310,12759,0.33,22,22,23,-0.25,5.0,4.8,5.1,0.13,4.7,4.6,4.9,-0.26,,170,1743,10,8,11,-0.39,20,20,21,-0.37,33,28,39,-0.54,7.0,-0.43,31,25,37,-0.26,27,0.97,13,13,14,0.37,8,34,24,15,33,-0.78,107,472,-0.40,268,5724,47,41,52,-0.16,3405,19,17,21,1.12,8,35,2841:1,0.40,3,13,7513:1,1.00,5,22,4508:1,6,27,3757:1,0.45,3289,74,65,83,0.02,495,84,76,92,0.12,265,51.0,43.0,60.0,2.16,296,83,-0.17,2344,5029,46.6,39.4,53.8,0.45,629,9166,6.9,-0.51,1462,30,21,39,-0.16,66344,13425,4.9,-0.28,1892,5093,37,29,45,-0.36,22,9.7,0.79,69,308,-0.26,112,98,80,117,1.00,13.0,0.89,Yes,1.58,1520,17,13,21,0.61,6618,8331,79,75,84,-1.55,6618,46,39,52,1.00
01113,Alabama,2016,Russell,883,9846,8949,10743,-0.31,25,25,26,0.35,5.1,4.9,5.3,0.33,4.9,4.8,5.1,0.35,,544,5325,10,9,11,-0.17,21,21,22,0.18,35,29,41,-0.15,5.9,0.34,31,26,37,-0.08,72,-1.16,13,13,14,0.20,22,77,29,23,35,-0.32,461,797,0.59,675,12982,52,48,56,0.31,8884,17,15,19,0.28,16,27,3724:1,0.80,9,15,6623:1,0.89,17,29,3506:1,19,32,3137:1,0.36,5427,43,37,48,-1.46,918,81,75,87,1.01,451,58.0,51.0,65.0,0.66,770,66,2.46,9714,15945,60.9,55.5,66.3,-1.20,1633,24634,6.6,-0.61,4501,30,22,38,-0.10,78010,15493,5.0,-0.15,6512,14118,46,40,53,0.39,58,9.7,0.77,243,458,0.57,219,79,69,90,-0.15,12.8,-0.13,No,-0.62,3360,16,14,18,0.25,19307,22953,84,82,87,-0.12,19307,34,30,38,-0.23
01115,Alabama,2016,St. Clair,1376,10064,9292,10835,-0.19,20,20,21,-0.70,4.3,4.1,4.5,-1.28,4.3,4.2,4.5,-1.46,,645,7609,8,8,9,-1.01,20,19,21,-0.52,33,29,38,-0.56,8.1,-1.20,29,24,33,-0.96,68,-0.98,14,14,15,0.96,36,96,38,32,43,0.51,220,258,-1.05,785,17306,45,42,49,-0.29,10299,14,13,16,-1.15,21,24,4110:1,0.92,25,29,3468:1,0.02,11,13,7882:1,11,13,7882:1,0.70,6461,83,76,91,0.46,941,87,81,93,-0.70,560,58.0,52.0,65.0,0.66,951,83,-0.07,12125,23141,52.4,47.9,56.9,-0.22,2227,38380,5.8,-0.99,3634,19,13,24,-1.46,91172,21814,4.2,-1.35,6275,19760,32,27,37,-0.81,78,9.0,0.99,154,183,-0.94,377,89,80,98,0.46,12.8,-0.03,No,-0.62,3790,12,10,14,-0.92,30944,35506,87,85,89,0.80,30944,51,47,54,1.55
01117,Alabama,2016,Shelby,2028,6400,5998,6802,-2.16,14,13,14,-2.18,3.6,3.5,3.8,-2.69,3.8,3.7,3.9,-2.96,,1378,17509,8,8,8,-1.31,16,15,16,-2.66,31,28,35,-0.99,8.4,-1.41,24,21,27,-2.73,73,-1.24,17,16,18,2.50,20,90,22,17,28,-0.90,398,198,-1.23,944,43347,22,20,23,-2.44,21163,12,11,13,-2.33,174,85,1173:1,-1.98,99,48,2087:1,-1.19,108,52,1913:1,127,61,1627:1,-0.17,17281,51,47,55,-1.06,1844,87,83,92,-0.81,1463,68.0,64.0,72.0,-1.49,1949,91,-1.37,42113,56884,74.0,71.3,76.7,-2.72,4797,106051,4.5,-1.58,5813,12,9,15,-2.23,125197,30143,4.2,-1.38,10638,49809,21,19,24,-1.69,228,11.2,0.30,347,177,-0.97,596,60,55,65,-1.28,12.8,0.21,Yes,1.58,7865,11,10,12,-1.39,84237,98188,86,85,87,0.39,84237,48,46,50,1.24
01119,Alabama,2016,Sumter,228,12106,9749,14463,0.91,33,32,34,2.16,5.8,5.6,6.0,1.73,5.5,5.3,5.7,2.15,,123,1066,12,10,14,0.47,24,23,25,1.62,40,34,46,0.99,4.0,1.66,31,26,37,-0.04,20,1.31,10,10,11,-1.45,10,24,42,31,51,0.89,182,1355,2.28,148,4492,33,28,38,-1.43,1813,17,15,20,0.34,6,45,2227:1,-0.06,2,15,6583:1,0.88,1,8,13166:1,3,23,4389:1,0.52,1585,77,64,89,0.16,317,80,71,90,1.16,117,54.0,41.0,67.0,1.52,151,88,-0.83,1286,2633,48.8,38.9,58.8,0.19,471,5321,8.9,0.40,1315,51,40,63,2.28,59282,9584,6.2,1.45,1713,2792,61,51,72,1.67,15,11.2,0.28,59,437,0.46,48,71,52,94,-0.64,12.9,0.31,Yes,1.58,1080,22,17,27,1.97,3844,4600,84,79,88,-0.29,3844,37,29,44,0.03
01121,Alabama,2016,Talladega,1586,11677,10815,12540,0.68,25,24,26,0.30,5.2,5.0,5.3,0.53,4.9,4.8,5.1,0.35,,832,6599,13,12,13,0.99,22,21,22,0.48,38,33,42,0.51,6.4,-0.01,34,30,38,0.98,66,-0.89,12,11,12,-0.63,33,95,35,30,40,0.25,542,663,0.18,922,19435,47,44,51,-0.10,9573,15,13,16,-1.06,26,32,3119:1,0.55,21,26,3872:1,0.21,7,9,11617:1,8,10,10165:1,0.75,8927,84,78,91,0.52,1335,82,77,86,0.83,818,58.0,53.0,63.0,0.66,891,81,0.11,9243,20752,44.5,41.0,48.1,0.69,2682,34916,7.7,-0.13,5749,33,26,39,0.17,73042,14962,4.9,-0.37,7630,17882,43,38,48,0.10,100,12.3,-0.08,248,302,-0.29,321,78,70,87,-0.19,12.9,0.40,No,-0.62,5070,16,14,18,0.25,24937,29508,85,83,86,0.00,24937,31,28,34,-0.56
01123,Alabama,2016,Tallapoosa,721,9954,8844,11063,-0.25,24,24,25,0.13,5.0,4.8,5.1,0.13,4.7,4.6,4.9,-0.26,,468,3455,14,12,15,1.45,21,20,22,-0.02,37,32,42,0.25,6.7,-0.22,32,28,37,0.31,66,-0.86,13,12,13,-0.10,8,36,22,14,32,-0.90,232,564,-0.12,539,9423,57,52,62,0.79,5298,16,14,18,-0.30,19,46,2169:1,-0.12,12,29,3430:1,0.00,9,22,4574:1,11,27,3742:1,0.45,5976,66,59,72,-0.37,832,78,72,84,1.82,499,62.0,55.0,69.0,-0.20,500,81,0.17,4440,9398,47.2,41.7,52.8,0.38,1388,18136,7.7,-0.14,2924,34,27,41,0.33,77781,16085,4.8,-0.43,4533,8988,50,44,57,0.75,61,14.8,-0.88,173,423,0.38,148,71,60,83,-0.61,12.9,0.74,Yes,1.58,2700,17,14,19,0.39,13044,15986,82,78,85,-0.89,13044,31,28,35,-0.55
01125,Alabama,2016,Tuscaloosa,2457,8554,8091,9017,-1.00,20,20,20,-0.79,4.5,4.4,4.6,-0.88,4.5,4.3,4.6,-0.86,,1930,17283,11,11,12,0.29,20,20,21,-0.22,33,30,36,-0.66,6.5,-0.08,28,26,31,-1.10,76,-1.34,15,15,16,1.55,44,167,26,22,30,-0.52,1558,785,0.55,1831,64106,29,27,30,-1.83,25589,15,14,17,-0.70,146,73,1375:1,-1.39,96,47,2106:1,-1.16,218,108,928:1,241,119,839:1,-1.20,20110,72,68,75,-0.08,2951,85,82,89,-0.24,1733,68.0,64.0,72.0,-1.49,2006,75,1.07,32387,52145,62.1,59.5,64.7,-1.34,5771,96911,6.0,-0.92,9729,23,18,28,-0.92,92460,18303,5.1,-0.13,15390,41621,37,33,40,-0.38,247,12.3,-0.07,848,432,0.43,644,65,60,71,-0.96,12.7,-0.37,No,-0.62,12330,18,17,19,0.88,73236,85594,86,84,87,0.32,73236,23,22,25,-1.42
01127,Alabama,2016,Walker,1597,14857,13781,15932,2.39,22,22,23,-0.28,5.0,4.8,5.2,0.13,5.0,4.8,5.2,0.65,,585,5749,10,9,11,-0.19,22,21,23,0.48,33,29,37,-0.61,7.3,-0.64,34,30,38,0.87,48,-0.01,13,12,13,0.02,22,105,21,16,26,-1.02,321,485,-0.36,812,14442,56,52,60,0.70,8591,16,14,18,-0.32,32,48,2062:1,-0.23,27,41,2425:1,-0.77,26,40,2518:1,29,44,2258:1,0.14,7989,73,67,79,-0.03,1260,89,84,94,-1.36,692,62.0,56.0,68.0,-0.20,788,84,-0.24,8324,15635,53.2,49.2,57.3,-0.31,1988,25912,7.7,-0.14,4671,33,28,38,0.19,74128,16165,4.6,-0.78,5335,14640,36,32,41,-0.42,90,13.6,-0.50,199,297,-0.31,463,139,126,152,3.43,12.5,-1.19,No,-0.62,2815,11,9,12,-1.35,19856,23553,84,82,86,-0.06,19856,40,37,43,0.37
01129,Alabama,2016,Washington,310,10910,8929,12891,0.27,22,21,22,-0.46,4.7,4.6,4.9,-0.48,4.6,4.4,4.7,-0.56,,120,1200,10,8,12,-0.27,20,19,21,-0.42,36,30,43,0.13,7.0,-0.43,33,27,40,0.70,10,1.75,14,13,14,0.55,7,23,30,19,42,-0.14,84,491,-0.34,163,4171,39,33,45,-0.87,2271,16,14,18,-0.20,3,18,5626:1,1.23,2,12,8417:1,1.09,2,12,8417:1,2,12,8417:1,0.72,2318,90,78,103,0.79,361,83,73,92,0.55,227,65.0,54.0,75.0,-0.85,257,88,-0.90,1583,3939,40.2,33.7,46.7,1.20,648,6556,9.9,0.88,1000,27,19,34,-0.52,84231,18387,4.6,-0.79,991,4085,24,17,31,-1.44,29,17.2,-1.66,51,291,-0.35,87,101,81,124,1.15,12.9,0.35,Yes,1.58,845,13,10,16,-0.80,4651,5663,82,78,86,-0.73,4651,42,36,48,0.62
01131,Alabama,2016,Wilcox,271,17193,14327,20058,3.00,34,33,34,2.25,6.0,5.8,6.2,2.14,5.4,5.2,5.6,1.85,,140,1031,14,12,16,1.46,25,24,26,2.17,44,38,50,2.14,1.8,3.00,32,27,38,0.34,26,1.02,10,9,10,-1.92,15,33,45,37,53,1.24,165,1443,2.55,151,3233,47,39,54,-0.17,1579,17,15,19,0.19,3,27,3769:1,0.81,1,9,11098:1,1.28,1,9,11098:1,1,9,11098:1,0.77,1528,43,33,52,-1.45,270,86,75,97,-0.31,143,55.0,43.0,67.0,1.30,159,78,0.71,965,2487,38.8,30.4,47.2,1.36,495,2849,17.4,3.00,1289,47,34,60,1.82,56986,8676,6.6,1.98,1903,2922,65,52,78,1.99,10,8.8,1.06,25,216,-0.76,60,104,79,134,1.34,12.9,0.74,Yes,1.58,715,20,15,25,1.36,2310,2724,85,80,90,0.09,2310,25,18,32,-1.22
01133,Alabama,2016,Winston,504,12313,10593,14033,1.02,22,21,22,-0.41,5.1,4.9,5.3,0.33,4.9,4.7,5.1,0.35,,171,1763,10,8,11,-0.42,22,21,22,0.38,29,23,35,-1.61,7.3,-0.64,31,25,37,-0.26,76,-1.38,13,12,14,0.08,8,28,29,19,39,-0.32,54,224,-1.16,261,5097,51,45,57,0.24,3245,17,15,19,0.10,8,33,3018:1,0.50,4,17,6038:1,0.80,1,4,24150:1,2,8,12075:1,0.78,3993,148,135,161,3.51,645,84,77,91,0.22,357,63.0,55.0,71.0,-0.42,304,89,-1.09,2885,5525,52.2,44.8,59.6,-0.20,832,9485,8.8,0.37,1603,32,24,40,0.09,68056,14302,4.8,-0.54,1565,5042,31,23,39,-0.87,27,11.2,0.30,53,218,-0.75,133,109,91,128,1.66,12.4,-2.06,No,-0.62,1245,13,10,16,-0.67,7241,8559,85,80,89,0.03,7241,39,32,45,0.26
,,,,,,,,,,,,,,,,,,,,,,,,,,,,,,,,,,,,,,,,,,,,,,,,,,,,,,,,,,,,,,,,,,,,,,,,,,,,,,,,,,,,,,,,,,,,,,,,,,,,,,,,,,,,,,,,,,,,,,,,,,,,,,,,,,,,,,,,,,,,,,,,,,,,,,,,,,,,
,,,,,,,,,,,,,,,,,,,,,,,,,,,,,,,,,,,,,,,,,,,,,,,,,,,,,,,,,,,,,,,,,,,,,,,,,,,,"^This data was updated on March 29, 2017. Please see http://www.countyhealthrankings.org/content/data-changes for more information.",,,,,,,,,,,,,,,,,,,,,,,,,,,,,,,,,,,,,,,,,,,,,,,,,,,,,,,,,,,,,,,,,,,,,,,,,,,,,,,,