,,,Premature death,,,,,Poor or fair health,,,,Poor physical health days,,,,Poor mental health days,,,,Low birthweight,,,,,,,Adult smoking,,,,Adult obesity,,,,Food environment index,,Physical inactivity,,,,Access to exercise opportunities,,Excessive drinking,,,,Alcohol-impaired driving deaths,,,,,,Sexually transmitted infections,,,Teen births,,,,,,Uninsured,,,,,Primary care physicians,,,,Dentists,,,,Mental health providers,,,,Preventable hospital stays,,,,,,,Diabetes monitoring,,,,,,,Mammography screening,,,,,,,High school graduation,,,Some college,,,,,,Unemployment,,,,Children in poverty,,,,,,,Income inequality,,,,Children in single-parent households,,,,,,Social associations,,,Violent crime,,,Injury deaths,,,,,Air pollution - particulate matter,,Drinking water violations,,Severe housing problems,,,,,Driving alone to work,,,,,,,Long commute - driving alone,,,,
FIPS,State,County,# Deaths,Years of Potential Life Lost Rate,95% CI - Low,95% CI - High,Z-Score,% Fair/Poor,95% CI - Low,95% CI - High,Z-Score,Physically Unhealthy Days,95% CI - Low,95% CI - High,Z-Score,Mentally Unhealthy Days,95% CI - Low,95% CI - High,Z-Score,Unreliable,# Low Birthweight Births,# Live Births,% LBW,95% CI - Low,95% CI - High,Z-Score,% Smokers,95% CI - Low,95% CI - High,Z-Score,% Obese,95% CI - Low,95% CI - High,Z-Score,Food Environment Index,Z-Score,% Physically Inactive,95% CI - Low,95% CI - High,Z-Score,% With Access,Z-Score,% Excessive Drinking,95% CI - Low,95% CI - High,Z-Score,# Alcohol-Impaired Driving Deaths,# Driving Deaths,% Alcohol-Impaired,95% CI - Low,95% CI - High,Z-Score,# Chlamydia Cases,Chlamydia Rate,Z-Score,Teen Births,Teen Population,Teen Birth Rate,95% CI - Low,95% CI - High,Z-Score,# Uninsured,% Uninsured,95% CI - Low,95% CI - High,Z-Score,# Primary Care Physicians,PCP Rate,PCP Ratio,Z-Score,# Dentists,Dentist Rate,Dentist Ratio,Z-Score,# Mental Health Providers,MHP Rate,MHP Ratio,Z-Score,# Medicare Enrollees,Preventable Hosp. Rate,95% CI - Low,95% CI - High,Z-Score,Preventable Hosp. Rate (white),Preventable Hosp. Rate (black),# Diabetics,% Receiving HbA1c,95% CI - Low,95% CI - High,Z-Score,% Receiving HbA1c (white),% Receiving HbA1c (black),# Medicare Enrollees,% Mammography,95% CI - Low,95% CI - High,Z-Score,% Mammography (white),% Mammography (black),Cohort Size,Graduation Rate,Z-Score,# Some College,Population,% Some College,95% CI - Low,95% CI - High,Z-Score,# Unemployed,Labor Force,% Unemployed,Z-Score,% Children in Poverty,95% CI - Low,95% CI - High,Z-Score,% Children in Poverty - Black,% Children in Poverty - Hispanic,% Children in Poverty - White,80th Percentile Income,20th Percentile Income,Income Ratio,Z-Score,# Single-Parent Households,# Households,% Single-Parent Households,95% CI - Low,95% CI - High,Z-Score,# Associations,Association Rate,Z-Score,# Violent Crimes,Violent Crime Rate,Z-Score,# Injury Deaths,Injury Death Rate,95% CI - Low,95% CI - High,Z-Score,Average Daily PM2.5,Z-Score,Presence of violation,Z-Score,# Households with Severe Problems,% Severe Housing Problems,95% CI - Low,95% CI - High,Z-Score,% Drive Alone,95% CI - Low,95% CI - High,Z-Score,% Drive Alone - Black,% Drive Alone - Hispanic,% Drive Alone - White,# Workers who Drive Alone,% Long Commute - Drives Alone,95% CI - Low,95% CI - High,Z-Score
01000,Alabama,,75262,9573,9474,9673,,21,20,22,,4.5,4.2,4.7,,4.4,4.1,4.7,,,42982,422248,10,10,10,,21,20,23,,34,,,,6.5,,28,,,,63,,13,12,14,,1260,4281,29,29,30,,29010,600,,47312,1142388,41,41,42,,567439,14,14,15,,3125,64,1552:1,,2224,46,2185:1,,3862,79,1258:1,,534296,61,60,62,,62,67,76238,85,84,86,,1,1,48751,62.8,62.1,63.5,,0.6,0.6,54493,89,,726128,1231007,59.0,58.4,59.6,,130974,2146171,6.1,,27,26,27,,,,,90487,17254,5.2,,421236,1102796,38,38,39,,6027,12.4,,21082,436,,18270,76,75,77,,10.1,,,,283925,15,15,16,,85,85,86,,,,,1705107,33,33,33,
01001,Alabama,Autauga,830,9158,8251,10065,-0.67,18,17,18,-1.07,4.2,4.0,4.4,-0.92,4.2,4.0,4.3,-1.33,,400,4551,9,8,10,-0.83,17,17,18,-1.40,34,29,39,-0.48,6.9,-0.42,29,24,33,-0.46,71,-1.11,15,14,16,1.27,16,49,33,25,40,0.08,220,398,-0.63,462,14251,32,30,35,-1.30,5225,11,10,12,-2.13,23,42,2408:1,0.18,17,31,3256:1,-0.08,7,13,7907:1,0.65,4970,59,52,65,-0.52,60,49,711,84,77,91,0.19,1,1,453,62.7,55.4,70.0,-0.42,0.6,0.6,706,90,-0.09,8617,14440,59.7,53.9,65.4,-0.99,1327,25308,5.2,-0.97,19,14,23,-1.43,43,,11,97896,22695,4.3,-1.09,3495,13888,25,20,31,-1.31,76,13.7,-0.49,145,266,-0.60,211,76,66,87,-0.38,10.8,0.59,No,-0.62,2955,15,13,17,-0.21,87,86,89,0.87,,,83,21101,43,38,47,0.68
01003,Alabama,Baldwin,2573,7394,6947,7840,-1.57,16,16,17,-1.43,3.7,3.6,3.9,-1.96,4.0,3.8,4.1,-2.03,,1316,15248,9,8,9,-0.90,18,17,18,-1.11,27,25,31,-2.06,7.5,-0.79,22,20,25,-2.55,72,-1.17,15,15,16,1.52,51,149,34,30,38,0.22,667,341,-0.82,1528,40190,38,36,40,-0.76,25892,16,15,18,0.59,148,74,1352:1,-1.28,97,48,2100:1,-1.14,170,83,1198:1,-0.57,24409,48,45,50,-1.08,46,65,2615,83,80,87,0.42,1,1,2186,66.0,62.6,69.4,-1.12,0.7,0.7,2236,85,1.13,29788,47367,62.9,59.3,66.5,-1.36,4791,87316,5.5,-0.84,20,15,24,-1.34,50,12,14,99839,22065,4.5,-0.83,11615,43366,27,23,30,-1.18,231,11.5,0.20,415,217,-0.89,698,71,66,77,-0.66,9.6,-0.91,Yes,1.58,10775,15,13,16,-0.21,85,83,86,-0.03,85,61,85,71535,38,35,40,0.14
01005,Alabama,Barbour,413,8573,7292,9854,-0.97,25,24,26,0.61,4.8,4.6,5.0,0.31,4.8,4.6,4.9,0.59,,244,2091,12,10,13,0.53,23,22,23,1.36,44,38,50,1.95,4.9,0.84,32,27,37,0.61,45,0.10,12,11,12,-0.52,10,26,38,28,48,0.59,166,613,0.11,316,5354,59,53,66,1.27,2942,15,14,17,0.17,11,41,2444:1,0.20,10,38,2649:1,-0.52,2,8,13245:1,0.74,3222,74,64,83,0.24,77,84,525,89,81,97,-1.40,1,1,330,63.0,54.5,71.6,-0.49,0.7,0.5,245,86,0.84,2839,7230,39.3,34.3,44.2,1.35,771,8625,8.9,1.03,45,36,54,1.52,69,52,12,71011,12766,5.6,0.49,3227,5716,56,50,63,1.26,22,8.2,1.26,85,329,-0.23,91,68,54,83,-0.89,10.1,-0.28,Yes,1.58,1490,16,14,19,0.24,84,82,86,-0.32,82,,,7090,36,31,40,-0.11
01007,Alabama,Bibb,407,11766,10034,13498,0.65,20,19,20,-0.68,4.4,4.2,4.5,-0.65,4.4,4.2,4.5,-0.72,,211,1763,12,11,14,0.67,20,19,21,-0.14,40,34,47,0.98,7.3,-0.67,34,28,40,1.30,33,0.69,14,14,15,0.89,10,30,33,24,43,0.14,100,444,-0.47,224,4716,47,41,54,0.16,2323,14,12,15,-0.77,9,40,2501:1,0.24,4,18,5646:1,0.74,,,,0.00,1956,77,65,90,0.44,77,,333,82,72,92,0.80,1,1,199,61.3,50.4,72.2,-0.12,0.6,0.5,262,85,1.13,3280,6531,50.2,42.1,58.3,0.09,561,8490,6.6,-0.23,29,22,36,-0.26,61,,18,78138,18287,4.3,-1.15,1443,4880,30,21,38,-0.95,23,10.2,0.62,33,147,-1.29,92,81,66,100,-0.07,10.5,0.21,No,-0.62,970,14,9,18,-0.52,83,78,89,-0.50,,,88,6778,47,39,54,1.11
01009,Alabama,Blount,906,9333,8430,10236,-0.58,19,18,20,-0.82,4.5,4.3,4.6,-0.44,4.5,4.3,4.7,-0.34,,354,4817,7,7,8,-1.51,21,20,22,0.47,35,29,40,-0.36,8.3,-1.30,28,23,34,-0.66,26,1.03,14,13,15,0.65,10,49,20,13,28,-0.98,72,124,-1.56,546,12630,43,40,47,-0.25,7861,16,15,18,0.77,11,19,5247:1,1.18,11,19,5243:1,0.65,4,7,14418:1,0.75,4782,63,56,70,-0.29,,,705,88,81,95,-0.94,,,433,59.6,52.3,66.9,0.25,,,720,91,-0.38,7279,14213,51.2,46.4,56.0,-0.02,1316,24352,5.4,-0.89,22,17,27,-1.05,20,57,21,83484,20679,4.0,-1.45,3740,13659,27,22,33,-1.13,49,8.5,1.17,123,212,-0.92,279,97,85,108,0.84,11.3,1.21,No,-0.62,2435,12,10,13,-1.18,85,82,87,0.04,,73,82,18624,60,55,65,2.58
01011,Alabama,Bullock,180,10858,8576,13139,0.19,28,27,29,1.38,5.0,4.7,5.2,0.63,4.6,4.4,4.8,-0.07,,139,1035,13,11,16,1.36,23,22,24,1.36,43,35,52,1.62,3.8,1.54,32,25,39,0.57,23,1.14,11,11,12,-0.84,13,21,62,53,69,2.62,100,940,1.22,174,2237,78,66,89,3.00,1319,17,15,19,1.22,3,28,3588:1,0.79,2,19,5348:1,0.68,1,9,10696:1,0.71,1150,76,62,91,0.38,,97,212,86,73,98,-0.39,1,1,110,60.0,45.5,74.5,0.16,0.6,0.6,121,88,0.52,1011,3007,33.6,24.4,42.8,1.99,371,4773,7.8,0.40,51,40,62,2.19,46,,,63721,10544,6.0,1.10,1634,2230,73,62,85,2.65,11,10.2,0.62,32,302,-0.39,54,102,76,133,1.14,9.8,-0.66,No,-0.62,675,18,12,24,0.80,75,65,84,-3.00,79,,74,2884,47,34,61,1.18
01013,Alabama,Butler,401,12427,10593,14262,0.99,27,26,27,0.99,5.2,5.0,5.5,1.24,5.0,4.8,5.2,1.27,,203,1822,11,10,13,0.28,22,21,22,0.88,36,30,42,0.04,6.0,0.15,34,29,40,1.47,46,0.06,11,11,12,-0.85,11,30,37,27,46,0.43,163,804,0.76,239,4283,56,49,63,0.96,2388,14,13,16,-0.33,9,44,2255:1,0.05,5,25,4031:1,0.29,5,25,4031:1,0.44,3040,86,76,96,0.90,92,92,539,81,73,88,1.19,1,1,271,62.4,53.0,71.8,-0.34,0.6,0.6,235,83,1.61,2081,4809,43.3,37.3,49.2,0.89,690,9142,7.5,0.28,36,28,44,0.49,57,,19,68308,14026,4.9,-0.39,2430,4709,52,44,59,0.86,24,11.8,0.11,106,523,0.91,93,91,74,112,0.53,9.4,-1.16,Yes,1.58,1355,16,13,19,0.32,84,81,88,-0.08,87,,87,6543,33,28,38,-0.38
01015,Alabama,Calhoun,2133,10717,10042,11392,0.12,22,21,23,-0.10,4.9,4.7,5.1,0.53,4.7,4.5,4.8,0.25,,861,9712,9,8,9,-0.79,20,20,21,0.10,32,29,36,-0.93,6.1,0.09,31,28,34,0.44,59,-0.56,15,14,15,1.10,13,60,22,15,29,-0.87,845,724,0.49,1247,27941,45,42,47,-0.12,13543,14,13,16,-0.43,77,66,1505:1,-0.94,64,55,1807:1,-1.63,103,89,1123:1,-0.67,16658,71,67,75,0.11,71,80,2488,81,78,85,1.02,1,1,1559,56.9,53.2,60.6,0.83,0.6,0.6,1316,92,-0.62,15616,28930,54.0,50.5,57.5,-0.34,3214,46051,7.0,-0.03,31,26,36,-0.10,59,40,21,79864,16369,4.9,-0.38,10233,25838,40,36,43,-0.13,170,14.7,-0.79,673,574,1.21,449,77,70,84,-0.33,11.6,1.58,No,-0.62,6725,15,14,16,-0.16,85,84,87,0.16,87,85,87,39533,30,27,32,-0.72
01017,Alabama,Chambers,700,11410,10132,12689,0.47,24,24,25,0.49,4.8,4.6,4.9,0.21,4.7,4.6,4.9,0.47,,323,2826,11,10,13,0.41,21,20,22,0.40,40,34,46,0.84,5.6,0.40,32,27,37,0.54,61,-0.65,12,11,12,-0.65,13,43,30,22,38,-0.13,282,826,0.83,456,7609,60,54,65,1.35,4122,15,13,17,-0.07,14,41,2434:1,0.20,9,26,3791:1,0.19,,,,0.00,5074,56,50,63,-0.64,58,63,888,82,76,88,0.73,1,1,512,57.2,50.7,63.8,0.76,0.6,0.6,337,85,1.13,3620,8047,45.0,39.7,50.3,0.69,908,15100,6.0,-0.55,34,26,42,0.31,51,69,23,71126,14919,4.8,-0.52,3829,7315,52,46,59,0.92,63,18.5,-2.01,180,527,0.93,118,69,57,82,-0.79,10.4,0.09,No,-0.62,2640,19,17,22,1.17,85,82,88,0.11,87,,86,11520,35,30,39,-0.22
01019,Alabama,Cherokee,544,12534,10843,14224,1.04,19,19,20,-0.74,4.5,4.3,4.7,-0.35,4.5,4.3,4.7,-0.21,,135,1605,8,7,10,-1.01,18,18,19,-0.87,34,28,40,-0.60,7.9,-1.05,34,27,40,1.17,33,0.68,13,12,14,0.16,9,46,20,12,28,-1.05,96,366,-0.73,249,5089,49,43,55,0.29,2988,15,13,16,-0.23,7,27,3720:1,0.83,4,15,6465:1,0.88,6,23,4310:1,0.47,3223,79,68,89,0.51,,,554,89,81,96,-1.24,1,1,303,63.4,54.4,72.3,-0.56,,,280,88,0.40,2939,5583,52.6,45.6,59.7,-0.19,609,11197,5.4,-0.87,30,23,38,-0.16,41,,29,76254,15777,4.8,-0.44,1665,5271,32,24,39,-0.79,26,10.0,0.69,100,384,0.09,137,105,88,123,1.35,10.8,0.59,No,-0.62,1790,15,12,19,-0.01,84,81,87,-0.28,,,86,8285,45,40,51,0.98
01021,Alabama,Chilton,770,10678,9590,11767,0.10,21,20,22,-0.37,4.7,4.5,4.9,0.00,4.5,4.3,4.7,-0.32,,367,3998,9,8,10,-0.65,20,19,21,0.00,36,30,42,-0.05,7.8,-0.98,30,25,37,0.14,32,0.71,14,14,15,0.82,24,82,29,24,35,-0.21,177,403,-0.61,543,9581,57,52,61,1.04,6565,18,16,20,1.45,8,18,5491:1,1.22,11,25,3995:1,0.28,18,41,2441:1,0.16,3373,52,45,60,-0.83,,,457,89,80,98,-1.37,1,1,300,64.0,54.9,73.1,-0.70,0.6,0.6,517,86,0.88,4606,11445,40.2,35.4,45.1,1.23,1078,19021,5.7,-0.74,28,22,35,-0.39,43,57,24,83220,18704,4.4,-0.92,3072,10419,29,23,36,-0.96,70,15.9,-1.20,152,346,-0.13,198,90,78,103,0.46,10.5,0.21,No,-0.62,2535,16,13,18,0.06,81,78,84,-1.15,86,,84,14248,48,43,53,1.28
01023,Alabama,Choctaw,266,12937,10543,15332,1.25,25,24,26,0.60,5.0,4.8,5.2,0.67,4.7,4.5,4.9,0.31,,97,967,10,8,12,-0.25,20,20,21,0.18,41,35,46,1.10,5.4,0.53,30,26,35,0.01,20,1.29,10,10,11,-1.40,7,17,41,28,53,0.82,55,410,-0.59,119,3120,38,31,45,-0.75,1509,14,13,16,-0.36,5,38,2665:1,0.35,6,46,2195:1,-1.01,,,,0.00,2219,48,39,56,-1.09,55,44,425,84,75,93,0.18,1,1,232,54.3,44.8,63.8,1.39,0.5,0.5,124,88,0.52,1424,2866,49.7,,,0.15,399,4378,9.1,1.13,34,26,41,0.21,50,,21,76656,11785,6.5,1.69,1211,2817,43,34,52,0.15,28,21.0,-2.81,14,111,-1.50,75,112,88,140,1.74,9.6,-0.91,Yes,1.58,715,13,10,16,-0.75,85,82,89,0.23,88,,89,3632,44,37,50,0.81
01025,Alabama,Clarke,395,9469,8057,10881,-0.51,23,22,24,0.11,4.9,4.7,5.0,0.43,4.7,4.5,4.9,0.35,,251,1983,13,11,14,0.99,20,19,21,-0.03,38,33,44,0.49,4.6,1.03,28,23,33,-0.82,38,0.44,12,11,12,-0.55,13,39,33,25,42,0.14,153,607,0.09,271,6718,40,36,45,-0.53,3072,15,13,17,0.05,13,52,1919:1,-0.30,7,28,3525:1,0.07,12,49,2056:1,0.03,3438,68,60,77,-0.02,75,69,508,81,74,89,0.95,1,1,283,61.1,52.0,70.2,-0.08,0.6,0.6,380,93,-0.79,2361,5748,41.1,,,1.14,940,7994,11.8,2.56,31,23,39,-0.08,36,,23,77930,9637,8.1,3.69,2337,5638,41,32,51,0.03,49,19.6,-2.37,110,439,0.42,98,78,63,95,-0.27,9.6,-0.91,Yes,1.58,1460,15,12,18,-0.07,82,78,86,-0.88,86,,86,6600,31,26,36,-0.62
01027,Alabama,Clay,225,9390,7366,11414,-0.55,21,20,22,-0.32,4.6,4.4,4.8,-0.14,4.6,4.4,4.8,0.07,,114,1021,11,9,13,0.29,19,18,20,-0.50,37,31,44,0.28,7.4,-0.73,32,25,39,0.57,21,1.24,13,12,13,0.03,3,8,38,18,56,0.50,53,393,-0.64,142,3050,47,39,54,0.07,1924,18,16,20,1.47,4,30,3388:1,0.71,2,15,6778:1,0.92,1,7,13555:1,0.74,2056,82,70,95,0.69,,,275,88,77,99,-1.16,1,1,200,56.0,45.6,66.4,1.03,,,154,93,-0.70,1263,3015,41.9,33.1,50.7,1.04,340,5526,6.2,-0.48,27,20,34,-0.48,,,13,68788,15386,4.5,-0.90,1207,2975,41,30,51,-0.05,13,9.6,0.82,48,352,-0.09,51,75,56,99,-0.44,9.9,-0.53,No,-0.62,875,15,11,20,0.02,84,82,86,-0.15,85,,82,4242,37,30,44,0.06
01029,Alabama,Cleburne,319,11803,9861,13746,0.67,17,17,18,-1.22,4.1,3.8,4.3,-1.23,4.3,4.1,4.5,-0.91,,109,1237,9,7,10,-0.82,18,18,19,-0.93,30,24,38,-1.45,7.9,-1.05,30,23,37,0.04,40,0.34,15,14,15,1.07,7,25,28,17,39,-0.32,32,213,-1.26,185,3417,54,46,62,0.80,1741,14,12,16,-0.40,4,27,3770:1,0.85,2,13,7509:1,1.02,6,40,2503:1,0.18,2106,72,60,84,0.17,,,323,83,73,93,0.50,1,1,182,49.5,39.2,59.7,2.44,,,201,98,-2.04,1737,3618,48.0,40.3,55.7,0.34,341,5665,6.0,-0.55,28,22,34,-0.44,,83,21,75993,16032,4.7,-0.55,846,3450,25,17,32,-1.37,13,8.6,1.12,22,150,-1.28,66,88,68,112,0.34,10.3,-0.04,Yes,1.58,775,14,10,17,-0.48,78,74,81,-2.29,,,77,4535,48,41,55,1.28
01031,Alabama,Coffee,702,7630,6773,8487,-1.45,19,18,19,-0.82,4.3,4.1,4.5,-0.78,4.2,4.0,4.3,-1.28,,397,4595,9,8,10,-0.90,19,18,19,-0.79,34,29,39,-0.57,6.8,-0.35,29,24,33,-0.43,71,-1.11,14,13,14,0.63,11,43,26,18,34,-0.53,288,565,-0.06,431,11548,37,34,41,-0.82,6351,15,13,17,-0.02,28,55,1818:1,-0.43,17,33,3012:1,-0.24,26,51,1970:1,0.00,6797,60,54,66,-0.45,60,71,1013,88,82,94,-1.09,1,1,626,63.1,56.9,69.3,-0.50,0.6,0.7,752,96,-1.61,8137,13376,60.8,55.8,65.8,-1.13,1201,20310,5.9,-0.61,24,19,29,-0.89,44,32,19,98707,19466,5.1,-0.13,4497,12097,37,33,42,-0.33,81,15.9,-1.19,164,321,-0.28,144,57,47,66,-1.55,9.6,-0.91,Yes,1.58,2615,14,12,16,-0.46,85,83,87,0.17,76,82,86,18467,23,21,25,-1.51
01033,Alabama,Colbert,1017,10253,9273,11234,-0.12,20,19,20,-0.60,4.5,4.3,4.7,-0.44,4.4,4.2,4.5,-0.75,,438,4305,10,9,11,-0.18,20,20,21,0.17,38,33,42,0.32,6.8,-0.35,31,27,36,0.47,44,0.15,13,13,14,0.20,5,62,8,3,15,-2.05,255,468,-0.39,562,11845,47,44,51,0.15,5765,13,11,15,-1.05,34,62,1604:1,-0.76,22,40,2471:1,-0.69,14,26,3882:1,0.43,8500,72,67,78,0.19,74,70,1438,87,83,92,-0.87,1,1,765,68.1,62.3,74.0,-1.58,0.7,0.8,627,89,0.19,7326,12951,56.6,51.4,61.8,-0.64,1864,23586,7.9,0.47,27,22,32,-0.53,36,47,22,82048,17169,4.8,-0.50,4109,11830,35,30,40,-0.53,96,17.6,-1.73,245,450,0.48,189,69,60,79,-0.78,10.2,-0.16,No,-0.62,3275,15,13,17,-0.21,91,89,92,1.90,89,,91,18962,24,22,27,-1.35
01035,Alabama,Conecuh,277,12828,10366,15289,1.19,28,27,28,1.24,5.3,5.1,5.5,1.41,5.1,4.9,5.3,1.66,,142,1008,14,12,16,1.66,23,22,24,1.44,36,30,43,0.06,4.3,1.22,32,26,38,0.54,0,2.24,10,10,10,-1.61,8,31,26,16,36,-0.51,71,551,-0.10,149,2939,51,43,59,0.46,1670,17,15,19,0.85,5,39,2534:1,0.27,2,16,6336:1,0.86,7,55,1810:1,-0.08,1934,127,112,142,2.98,123,167,346,80,70,89,1.48,1,1,174,66.1,54.0,78.2,-1.15,0.7,0.6,91,83,1.74,1018,2672,38.1,29.9,46.3,1.48,429,4674,9.2,1.16,41,31,51,1.05,58,29,21,59655,10584,5.6,0.58,1313,2824,46,38,55,0.44,14,11.0,0.35,72,566,1.16,59,92,70,118,0.55,9.1,-1.53,No,-0.62,1010,20,16,25,1.46,94,91,96,2.83,94,,90,3433,42,34,50,0.66
01037,Alabama,Coosa,204,8421,6380,10461,-1.05,23,23,24,0.19,4.7,4.6,4.9,0.19,4.6,4.5,4.8,0.14,,91,686,13,11,16,1.28,20,20,21,0.10,40,33,48,0.84,6.3,-0.04,31,25,37,0.17,24,1.08,12,11,12,-0.71,11,26,42,32,52,0.92,36,330,-0.86,110,2217,50,40,59,0.36,1331,16,14,17,0.26,,,,0.00,,,,0.00,1,9,10724:1,0.71,1610,49,38,59,-1.03,44,,238,86,74,97,-0.34,1,1,161,59.0,47.1,70.9,0.38,0.6,0.6,90,83,1.74,1050,2472,42.5,32.8,52.1,0.98,298,4431,6.7,-0.17,32,24,40,0.06,57,,16,62072,14415,4.3,-1.10,793,2045,39,30,48,-0.19,12,11.0,0.36,19,206,-0.95,50,92,69,122,0.58,10.2,-0.16,No,-0.62,785,17,13,22,0.61,85,81,90,0.22,,,87,3163,40,32,48,0.39
01039,Alabama,Covington,700,9918,8764,11071,-0.29,21,21,22,-0.28,4.6,4.4,4.8,-0.10,4.4,4.3,4.6,-0.47,,305,3148,10,9,11,-0.41,19,18,19,-0.79,34,29,40,-0.50,7.2,-0.60,33,27,38,1.00,51,-0.18,13,12,14,0.10,12,40,30,22,38,-0.15,157,414,-0.57,500,7892,63,58,69,1.68,4659,15,14,17,0.21,19,50,1995:1,-0.21,13,34,2910:1,-0.31,19,50,1991:1,0.00,6404,99,91,106,1.53,98,113,957,81,75,86,1.24,1,1,582,59.6,53.3,65.9,0.25,0.6,0.7,453,95,-1.37,4485,8586,52.2,47.3,57.1,-0.14,1101,15456,7.1,0.05,34,28,41,0.28,58,8,26,73752,15997,4.6,-0.72,3083,8239,37,33,42,-0.31,48,12.7,-0.16,103,273,-0.56,126,66,55,78,-0.96,9.2,-1.40,No,-0.62,2280,15,13,17,-0.08,83,80,86,-0.57,79,,86,11584,25,22,28,-1.22
01041,Alabama,Crenshaw,262,10801,8822,12781,0.16,20,20,21,-0.51,4.2,4.1,4.4,-0.89,4.4,4.3,4.6,-0.48,,92,1098,8,7,10,-1.02,19,18,20,-0.56,40,33,46,0.84,5.7,0.34,30,24,36,-0.06,36,0.56,13,13,14,0.19,5,18,28,15,41,-0.34,99,708,0.43,159,3064,52,44,60,0.58,1868,16,14,18,0.70,2,14,6989:1,1.39,2,14,6982:1,0.95,4,29,3491:1,0.38,1852,73,60,85,0.19,72,,293,77,67,87,2.29,1,1,197,58.4,47.7,69.0,0.51,0.6,0.6,191,93,-0.70,1451,3263,44.5,38.4,50.6,0.75,382,6352,6.0,-0.55,30,22,37,-0.23,29,,18,78120,13938,5.6,0.54,1187,3191,37,30,44,-0.32,15,10.7,0.45,68,500,0.77,50,72,53,94,-0.66,9.5,-1.03,No,-0.62,680,12,10,15,-0.99,82,78,85,-0.97,89,,81,4522,42,38,47,0.66
01043,Alabama,Cullman,1365,9937,9148,10726,-0.28,21,20,22,-0.39,4.5,4.3,4.8,-0.28,4.4,4.2,4.6,-0.64,,599,6844,9,8,9,-0.85,18,17,19,-1.10,33,28,39,-0.64,7.8,-0.98,26,21,31,-1.42,38,0.44,13,13,14,0.33,23,90,26,20,31,-0.53,258,319,-0.90,925,17609,53,49,56,0.64,10882,16,15,18,0.74,43,53,1890:1,-0.33,39,48,2103:1,-1.14,94,115,872:1,-1.11,10608,51,47,56,-0.88,,,1501,89,84,94,-1.27,,,975,65.4,60.4,70.5,-1.01,,,954,91,-0.30,10727,19657,54.6,50.6,58.6,-0.41,1908,36181,5.3,-0.96,25,20,30,-0.77,48,64,21,77324,16793,4.6,-0.73,5389,18062,30,25,34,-0.93,99,12.2,-0.01,137,170,-1.16,341,84,75,93,0.10,11.3,1.21,No,-0.62,4515,14,12,16,-0.30,85,84,86,0.03,77,73,86,27029,35,32,38,-0.16
01045,Alabama,Dale,732,8086,7249,8922,-1.22,21,21,22,-0.22,4.6,4.5,4.8,-0.03,4.7,4.6,4.9,0.43,,403,4940,8,7,9,-1.13,19,18,20,-0.53,37,32,42,0.09,6.2,0.03,27,23,32,-1.02,48,-0.03,15,14,15,1.07,22,43,51,44,58,1.69,286,573,-0.03,437,10289,42,39,47,-0.33,5670,14,12,15,-0.65,12,24,4124:1,0.95,17,34,2916:1,-0.31,37,75,1340:1,-0.42,5754,60,54,66,-0.44,60,66,921,88,82,94,-0.93,1,1,535,60.0,53.4,66.6,0.16,0.6,0.6,517,90,-0.20,8107,13245,61.2,56.7,65.7,-1.17,1255,19758,6.4,-0.37,29,24,34,-0.29,52,35,16,83346,16240,5.1,-0.06,4127,11866,35,30,40,-0.52,61,12.3,-0.05,181,363,-0.03,153,61,52,71,-1.26,9.8,-0.66,No,-0.62,2515,13,11,15,-0.73,87,86,89,0.85,81,89,88,18108,26,23,29,-1.18
01047,Alabama,Dallas,878,12928,11682,14174,1.24,28,27,29,1.31,5.5,5.3,5.7,1.76,5.0,4.8,5.1,1.19,,536,4210,13,12,14,1.03,23,22,23,1.33,41,37,45,1.10,3.4,1.79,31,27,34,0.24,59,-0.54,10,10,11,-1.62,31,51,61,55,66,2.52,357,850,0.92,688,11264,61,57,66,1.46,4978,14,12,16,-0.40,29,70,1438:1,-1.08,13,32,3164:1,-0.14,17,41,2419:1,0.16,4696,61,54,67,-0.41,55,84,765,78,72,84,1.97,1,1,432,63.9,56.4,71.4,-0.67,0.6,0.7,507,90,-0.11,4501,9517,47.3,41.5,53.0,0.43,1502,15566,9.6,1.42,50,41,59,2.06,61,,24,67258,9862,6.8,2.09,7644,10700,71,64,78,2.50,60,14.4,-0.71,329,774,2.37,184,87,75,100,0.28,10.1,-0.28,No,-0.62,3855,24,21,26,2.56,82,79,85,-0.78,82,,87,11178,27,23,31,-1.06
01049,Alabama,DeKalb,1147,9642,8834,10449,-0.43,22,22,23,-0.03,5.0,4.8,5.2,0.67,4.7,4.6,4.9,0.47,,536,6221,9,8,9,-0.91,22,21,22,0.74,30,26,35,-1.35,8.0,-1.11,30,26,36,0.14,40,0.34,13,13,14,0.28,23,69,33,27,40,0.14,196,276,-1.04,864,16283,53,50,57,0.69,12476,21,19,23,3.13,30,42,2369:1,0.14,21,30,3387:1,-0.01,12,17,5928:1,0.58,8434,64,58,69,-0.25,,,1258,88,82,93,-0.92,1,1,756,58.2,52.8,63.6,0.55,,,813,92,-0.52,7365,17710,41.6,37.8,45.4,1.08,1740,28858,6.0,-0.55,29,22,36,-0.30,26,43,18,71947,15899,4.5,-0.83,5015,17834,28,23,33,-1.07,61,8.6,1.14,220,331,-0.22,318,89,80,99,0.41,10.7,0.46,No,-0.62,3410,14,12,16,-0.52,86,84,88,0.42,,73,87,23537,30,27,33,-0.75
01051,Alabama,Elmore,1180,8894,8158,9629,-0.81,17,17,18,-1.24,3.9,3.8,4.1,-1.51,4.3,4.1,4.4,-1.07,,638,6922,9,9,10,-0.63,18,18,19,-0.83,35,31,40,-0.17,7.2,-0.60,29,25,33,-0.33,68,-0.98,17,16,17,2.22,34,80,43,37,48,0.94,436,539,-0.15,728,18445,39,37,42,-0.62,7395,11,10,13,-1.88,22,27,3681:1,0.82,11,14,7406:1,1.00,9,11,9052:1,0.68,9015,62,56,67,-0.36,61,67,1244,85,80,91,-0.24,1,1,820,65.6,60.1,71.2,-1.04,0.7,0.5,987,90,-0.18,11766,22065,53.3,49.3,57.3,-0.27,1839,36075,5.1,-1.05,20,15,25,-1.31,36,39,15,99532,23676,4.2,-1.23,6020,18579,32,28,37,-0.72,84,10.4,0.57,223,276,-0.54,279,69,61,77,-0.80,11.1,0.96,No,-0.62,3430,12,10,14,-1.00,87,85,89,0.74,,,86,28756,47,44,51,1.21
01053,Alabama,Escambia,733,10392,9259,11524,-0.05,25,25,26,0.69,5.2,5.0,5.4,1.09,4.8,4.7,5.0,0.74,,338,3324,10,9,11,-0.18,21,20,22,0.49,38,33,42,0.37,5.8,0.28,32,28,36,0.64,56,-0.41,12,12,13,-0.42,33,68,49,43,54,1.46,191,503,-0.27,521,8234,63,58,69,1.68,4832,17,15,19,1.05,15,40,2516:1,0.26,13,34,2907:1,-0.31,17,45,2223:1,0.10,5242,105,96,113,1.84,108,115,865,79,73,85,1.66,1,1,469,64.4,57.1,71.7,-0.78,0.6,0.7,394,84,1.34,3732,9426,39.6,34.1,45.0,1.31,1020,14575,7.0,-0.02,32,24,40,0.04,43,,23,68728,12997,5.3,0.14,3918,8394,47,39,54,0.46,56,14.8,-0.85,184,483,0.67,196,103,89,118,1.24,9.1,-1.53,Yes,1.58,1935,14,11,17,-0.38,91,89,93,1.94,90,,92,10949,31,26,36,-0.61
01055,Alabama,Etowah,2056,11439,10690,12188,0.49,20,19,20,-0.65,4.5,4.3,4.7,-0.35,4.5,4.4,4.7,-0.15,,714,8444,8,8,9,-0.99,19,19,20,-0.47,35,31,39,-0.24,6.6,-0.23,33,30,37,1.10,44,0.16,12,12,13,-0.27,23,73,32,25,38,-0.02,672,647,0.22,1144,23226,49,46,52,0.33,12311,15,13,16,-0.21,80,77,1294:1,-1.42,50,49,2061:1,-1.20,95,92,1085:1,-0.72,13568,77,73,82,0.44,76,91,2168,82,78,86,0.81,1,1,1251,56.0,51.8,60.1,1.04,0.6,0.5,1230,84,1.35,13529,25500,53.1,49.5,56.6,-0.23,2644,43203,6.1,-0.50,31,25,37,-0.10,56,52,23,78271,16809,4.7,-0.66,8814,22940,38,34,43,-0.22,168,16.2,-1.29,542,544,1.03,385,74,67,82,-0.50,11.2,1.09,No,-0.62,5600,14,13,15,-0.45,86,85,88,0.46,85,72,87,34631,27,25,30,-1.00
01057,Alabama,Fayette,329,10276,8567,11984,-0.10,21,20,22,-0.34,4.6,4.4,4.8,-0.12,4.6,4.4,4.8,0.14,,129,1299,10,8,12,-0.29,20,19,21,-0.17,34,28,40,-0.57,7.2,-0.60,31,25,38,0.47,27,0.94,13,13,14,0.29,5,15,33,19,47,0.14,69,408,-0.59,172,3669,47,40,54,0.10,1961,15,13,16,-0.24,19,113,888:1,-3.00,5,30,3352:1,-0.02,2,12,8380:1,0.67,2635,81,70,92,0.61,82,,430,80,71,88,1.48,1,1,217,55.8,45.8,65.7,1.08,,,191,93,-0.70,1917,3795,50.5,43.0,58.0,0.06,448,6396,7.0,-0.02,29,22,37,-0.25,77,,16,72309,13564,5.3,0.20,1297,3649,36,26,45,-0.46,19,11.3,0.29,31,179,-1.11,84,99,79,123,0.99,10.0,-0.41,No,-0.62,810,12,9,15,-1.14,87,84,89,0.57,,,87,5200,35,29,40,-0.17
01059,Alabama,Franklin,586,11550,10218,12881,0.54,23,22,23,0.06,4.7,4.5,4.9,0.05,4.7,4.5,4.8,0.24,,280,3065,9,8,10,-0.67,20,20,21,0.05,33,28,39,-0.69,7.4,-0.73,35,29,40,1.50,59,-0.54,13,12,14,0.14,7,26,27,17,38,-0.42,99,314,-0.91,404,7251,56,50,61,0.95,5248,20,18,22,2.57,15,47,2107:1,-0.09,8,25,3962:1,0.26,2,6,15848:1,0.76,4707,95,86,104,1.32,93,,748,85,78,91,-0.05,1,1,436,56.7,49.6,63.7,0.89,,,373,93,-0.77,3188,7918,40.3,34.8,45.7,1.23,871,13615,6.4,-0.35,32,25,40,0.09,28,,31,71599,16174,4.4,-0.95,3318,7602,44,28,59,0.21,33,10.4,0.55,110,345,-0.13,193,122,105,139,2.34,9.9,-0.53,No,-0.62,1930,16,13,18,0.03,80,77,83,-1.42,,,86,9769,34,29,39,-0.24
01061,Alabama,Geneva,484,9368,8066,10670,-0.57,23,22,23,0.02,4.8,4.5,5.0,0.21,4.7,4.5,4.9,0.28,,183,2141,9,7,10,-0.94,21,21,22,0.69,34,28,41,-0.48,7.5,-0.79,29,23,34,-0.49,27,0.94,13,12,14,0.08,9,21,43,32,53,0.97,111,415,-0.57,305,5685,54,48,60,0.75,3692,17,15,19,1.14,7,26,3816:1,0.86,2,7,13389:1,1.38,4,15,6694:1,0.61,4405,69,61,77,0.02,69,,710,87,80,94,-0.80,1,1,428,59.6,52.3,66.9,0.26,0.6,0.7,270,94,-1.14,2982,6341,47.0,41.0,53.1,0.46,633,10806,5.9,-0.64,35,26,43,0.35,71,61,34,74287,15410,4.8,-0.45,2454,5924,41,33,50,0.02,25,9.4,0.89,92,343,-0.15,103,77,62,92,-0.34,9.3,-1.28,No,-0.62,1290,12,9,14,-1.10,82,79,85,-0.95,70,,86,8459,44,39,50,0.86
01063,Alabama,Greene,184,12431,9683,15178,0.99,34,33,35,2.83,5.8,5.5,6.0,2.36,5.3,5.0,5.5,2.16,,135,788,17,15,20,3.00,26,25,27,3.00,46,39,54,2.40,2.3,2.48,32,26,38,0.57,15,1.52,9,8,9,-2.45,10,34,29,20,39,-0.20,106,1212,2.15,105,2146,49,40,58,0.29,1060,15,13,17,0.06,4,47,2138:1,-0.06,1,12,8479:1,1.11,1,12,8479:1,0.67,1191,96,80,111,1.37,,137,218,87,75,100,-0.79,1,1,112,58.9,44.7,73.1,0.40,0.6,0.6,101,88,0.52,816,1799,45.4,33.5,57.3,0.65,319,2895,11.0,2.16,55,42,67,2.58,,,26,47322,9792,4.8,-0.44,1180,2028,58,43,74,1.40,9,10.5,0.52,73,886,3.00,37,85,60,117,0.14,9.6,-0.91,No,-0.62,505,15,11,20,0.02,82,78,86,-0.86,77,,,1955,48,38,58,1.31
01065,Alabama,Hale,265,9818,8031,11605,-0.34,29,28,30,1.58,5.3,5.1,5.5,1.38,4.9,4.7,5.0,0.91,,201,1428,14,12,16,1.66,22,21,23,0.99,40,35,47,1.01,5.8,0.28,32,27,37,0.74,58,-0.52,10,10,11,-1.61,6,19,32,19,44,-0.01,212,1376,2.71,178,4132,43,37,49,-0.27,1735,14,12,16,-0.56,2,13,7592:1,1.45,2,13,7534:1,1.02,1,7,15068:1,0.76,1996,78,67,90,0.49,83,94,330,82,72,92,0.76,1,1,210,67.1,56.1,78.2,-1.37,0.6,0.7,240,86,0.88,1581,3295,48.0,40.5,55.5,0.35,478,6102,7.8,0.43,39,30,48,0.78,53,,14,67970,12010,5.7,0.61,2114,3596,59,52,65,1.45,10,6.6,1.77,27,194,-1.02,57,75,57,97,-0.48,9.9,-0.53,No,-0.62,1225,21,17,25,1.55,88,85,92,1.11,88,,89,4524,44,38,50,0.85
01067,Alabama,Henry,289,8563,6920,10205,-0.97,21,20,21,-0.41,4.4,4.2,4.5,-0.65,4.4,4.3,4.6,-0.50,,113,1250,9,8,11,-0.71,18,17,19,-1.09,36,30,42,-0.08,7.4,-0.73,29,23,34,-0.49,32,0.75,13,12,13,0.08,0,10,0,0,20,-2.75,91,526,-0.19,163,3762,43,37,50,-0.25,2040,15,13,17,0.03,5,29,3438:1,0.73,5,29,3444:1,0.03,3,17,5740:1,0.57,2998,43,36,51,-1.30,49,34,476,86,78,94,-0.47,1,1,283,62.5,53.3,71.8,-0.38,0.6,0.6,194,93,-0.70,2236,3885,57.6,48.9,66.2,-0.75,456,6735,6.8,-0.14,28,20,35,-0.46,31,,17,83861,15593,5.4,0.26,1093,3666,30,22,37,-0.93,27,15.7,-1.12,47,278,-0.53,57,66,50,86,-0.99,9.7,-0.78,No,-0.62,840,12,9,15,-1.04,86,82,90,0.26,79,,86,5779,34,29,39,-0.25
01069,Alabama,Houston,1481,8558,7907,9208,-0.98,20,19,20,-0.69,4.3,4.2,4.5,-0.67,4.5,4.3,4.6,-0.34,,898,9313,10,9,10,-0.43,20,19,20,-0.16,33,30,36,-0.78,6.4,-0.10,26,24,30,-1.19,53,-0.29,13,13,14,0.14,13,71,18,12,25,-1.16,779,751,0.58,1115,22617,49,46,52,0.33,11653,13,12,15,-0.82,93,89,1120:1,-1.96,65,62,1603:1,-2.07,122,117,854:1,-1.15,13947,52,48,56,-0.85,54,50,2029,87,83,91,-0.65,1,1,1269,65.1,60.7,69.5,-0.93,0.7,0.6,1083,93,-0.79,15210,26599,57.2,55.1,59.3,-0.71,2765,44743,6.2,-0.46,30,25,34,-0.24,52,53,16,85709,17110,5.0,-0.21,10542,24484,43,41,45,0.16,135,13.0,-0.25,404,390,0.13,362,70,63,77,-0.75,9.5,-1.03,No,-0.62,5400,14,13,15,-0.50,89,88,89,1.22,87,81,90,38556,28,26,29,-0.95
01071,Alabama,Jackson,1099,11929,10816,13042,0.74,19,19,20,-0.75,4.3,4.1,4.6,-0.67,4.5,4.3,4.7,-0.37,,359,4045,9,8,10,-0.79,19,18,19,-0.80,32,26,38,-0.97,7.5,-0.79,31,25,37,0.31,37,0.51,13,12,14,0.15,14,68,21,14,27,-0.96,159,300,-0.96,567,11268,50,46,55,0.43,6685,16,14,17,0.35,31,59,1699:1,-0.60,18,34,2912:1,-0.31,22,42,2383:1,0.15,8179,77,71,83,0.42,,,1356,88,83,93,-1.04,1,1,809,52.8,47.8,57.8,1.72,0.5,0.6,587,92,-0.46,5531,12616,43.8,39.3,48.4,0.82,1549,23512,6.6,-0.24,27,22,32,-0.53,68,71,22,74092,15725,4.7,-0.59,3332,11503,29,23,35,-1.00,48,9.1,0.97,186,361,-0.04,245,93,81,104,0.61,10.7,0.46,Yes,1.58,1965,9,8,11,-1.81,88,86,90,1.07,,,87,18119,37,33,41,0.08
01073,Alabama,Jefferson,10305,10306,10026,10585,-0.09,19,18,19,-0.86,3.7,3.6,3.8,-2.01,4.0,3.9,4.1,-1.96,,7186,64357,11,11,11,0.29,19,19,20,-0.38,33,31,35,-0.69,5.7,0.34,26,25,28,-1.26,78,-1.43,14,14,14,0.75,68,469,14,12,17,-1.49,5040,764,0.62,6277,150158,42,41,43,-0.39,70057,13,12,13,-1.26,704,107,939:1,-2.74,549,83,1203:1,-3.38,888,134,744:1,-1.45,52120,42,40,43,-1.39,42,50,6194,86,83,88,-0.29,1,1,4582,66.3,63.9,68.7,-1.19,0.7,0.7,7700,89,0.16,119713,178226,67.2,65.6,68.7,-1.85,17926,309229,5.8,-0.67,26,23,29,-0.61,42,49,10,97526,17684,5.5,0.43,64712,151428,43,41,44,0.13,970,14.7,-0.80,5119,797,2.51,2719,82,79,86,-0.01,12.9,3.20,No,-0.62,46855,18,17,19,0.80,85,84,85,0.04,84,73,88,245139,32,31,33,-0.45
01075,Alabama,Lamar,282,8848,7111,10585,-0.83,22,21,22,-0.17,4.7,4.5,4.9,0.01,4.7,4.5,4.9,0.45,,113,1034,11,9,13,0.18,20,19,21,-0.02,34,28,40,-0.60,7.4,-0.73,33,27,39,0.94,22,1.22,12,12,13,-0.36,4,12,33,18,49,0.14,59,414,-0.57,139,2990,46,39,54,0.06,1555,14,12,16,-0.55,,,,0.00,3,22,4629:1,0.49,2,14,6943:1,0.62,2445,77,66,88,0.42,,,367,83,73,92,0.62,1,1,231,53.2,43.8,62.7,1.62,,,179,88,0.52,1674,3187,52.5,43.5,61.6,-0.17,355,5633,6.3,-0.40,34,27,40,0.24,52,,35,63205,13619,4.6,-0.68,1006,3065,33,21,45,-0.68,13,9.2,0.93,23,162,-1.21,47,66,49,88,-0.96,9.7,-0.78,No,-0.62,800,13,10,16,-0.69,82,78,85,-0.96,,,87,4350,32,25,38,-0.51
01077,Alabama,Lauderdale,1447,8773,8074,9473,-0.87,18,18,19,-0.94,4.2,4.0,4.4,-0.93,4.5,4.3,4.7,-0.28,,645,6671,10,9,10,-0.42,18,18,19,-0.96,33,29,37,-0.76,7.0,-0.48,28,25,32,-0.56,63,-0.72,14,14,15,0.88,23,74,31,25,37,-0.05,398,429,-0.52,662,22536,29,27,32,-1.59,10209,14,12,15,-0.70,49,53,1900:1,-0.32,46,50,2013:1,-1.27,116,125,798:1,-1.29,13932,64,60,68,-0.25,63,79,1921,87,83,91,-0.72,1,1,1245,65.6,61.1,70.1,-1.05,0.6,0.7,921,95,-1.34,12480,21284,58.6,54.4,62.9,-0.87,2964,42714,6.9,-0.05,24,19,29,-0.86,47,49,21,83734,17155,4.9,-0.37,6138,19058,32,27,37,-0.74,138,14.8,-0.84,249,268,-0.59,314,68,60,75,-0.88,10.5,0.21,No,-0.62,5150,13,12,15,-0.61,86,84,87,0.39,91,87,88,33684,29,27,31,-0.85
01079,Alabama,Lawrence,622,10665,9419,11911,0.09,21,20,21,-0.44,4.5,4.3,4.7,-0.34,4.6,4.4,4.8,0.02,,241,2634,9,8,10,-0.66,20,20,21,0.09,36,30,42,-0.15,7.6,-0.86,36,29,43,1.97,49,-0.07,13,13,14,0.37,11,47,23,16,31,-0.72,108,322,-0.89,383,7705,50,45,55,0.37,4471,16,14,18,0.59,8,24,4185:1,0.97,2,6,16558:1,1.47,31,94,1068:1,-0.74,5428,74,67,82,0.27,77,60,1034,88,82,93,-0.96,1,1,546,59.3,52.9,65.8,0.31,0.6,0.6,382,92,-0.58,4093,8088,50.6,44.4,56.8,0.05,1062,13864,7.7,0.34,26,20,33,-0.58,25,,24,82194,16984,4.8,-0.43,2811,7417,38,31,44,-0.27,48,14.3,-0.69,87,264,-0.61,176,105,89,120,1.32,10.9,0.71,No,-0.62,1550,12,10,14,-1.16,88,85,91,1.00,93,,85,11036,49,44,55,1.42
01081,Alabama,Lee,1736,7956,7443,8469,-1.28,19,19,20,-0.77,4.5,4.3,4.7,-0.37,4.4,4.2,4.5,-0.76,,907,11765,8,7,8,-1.34,19,19,20,-0.46,29,25,33,-1.68,6.0,0.15,23,20,27,-2.35,63,-0.73,16,15,17,1.84,25,77,32,27,38,0.07,732,485,-0.33,993,46084,22,20,23,-2.34,17961,13,12,15,-0.85,74,48,2085:1,-0.11,46,29,3413:1,0.01,112,71,1402:1,-0.36,12523,42,39,46,-1.35,43,47,1813,85,81,89,-0.18,1,1,1208,60.4,56.0,64.8,0.07,0.6,0.5,1698,90,-0.01,28374,40299,70.4,66.8,74.0,-2.22,3660,71548,5.1,-1.04,21,17,25,-1.22,43,42,15,94105,14865,6.3,1.46,11373,32748,35,31,38,-0.53,137,8.9,1.04,356,275,-0.55,367,49,44,54,-2.01,11.1,0.96,Yes,1.58,10680,19,18,21,1.13,85,83,86,-0.04,83,64,83,57515,27,25,29,-1.03
01083,Alabama,Limestone,1109,7195,6574,7817,-1.67,18,17,18,-1.10,4.0,3.8,4.2,-1.36,4.1,4.0,4.3,-1.45,,674,7081,10,9,10,-0.49,18,17,19,-1.06,33,28,38,-0.76,7.7,-0.92,31,26,36,0.21,53,-0.26,14,14,15,0.85,26,92,28,23,34,-0.30,258,290,-0.99,614,18265,34,31,36,-1.18,10845,14,13,16,-0.34,31,34,2929:1,0.51,25,27,3667:1,0.14,37,40,2477:1,0.17,9517,64,59,70,-0.23,64,66,1411,88,83,92,-0.92,1,1,885,66.8,61.4,72.2,-1.30,0.7,0.7,927,93,-0.89,13439,24435,55.0,51.2,58.8,-0.46,2162,39607,5.5,-0.86,19,15,23,-1.43,16,53,13,102717,20450,5.0,-0.19,5839,20697,28,24,33,-1.06,83,9.1,0.96,127,143,-1.32,264,59,52,67,-1.38,11.7,1.71,Yes,1.58,3705,12,10,13,-1.14,87,86,89,0.86,88,87,86,32616,39,36,42,0.27
01085,Alabama,Lowndes,219,12910,10450,15370,1.23,29,28,29,1.46,5.2,4.9,5.4,1.06,4.8,4.7,5.0,0.82,,151,1064,14,12,16,1.71,23,22,23,1.23,45,38,52,2.12,2.2,2.55,30,25,35,-0.03,2,2.17,10,9,10,-1.70,15,29,52,43,59,1.74,127,1187,2.07,136,2852,48,40,56,0.17,1248,14,13,16,-0.35,,,,0.00,1,10,10458:1,1.25,,,,0.00,1523,67,54,79,-0.09,66,87,248,83,72,94,0.47,1,1,129,59.7,46.4,73.0,0.23,0.6,0.6,141,83,1.74,1014,2387,42.5,34.0,51.0,0.98,443,3824,11.6,2.47,47,37,56,1.68,50,,2,63705,10888,5.9,0.86,1596,2499,64,52,76,1.87,7,6.6,1.76,55,611,1.42,57,106,80,137,1.40,10.0,-0.41,No,-0.62,1020,24,20,29,2.68,82,77,87,-0.87,73,,80,2731,58,50,66,2.36
01087,Alabama,Macon,354,13001,10918,15085,1.28,28,28,29,1.42,5.2,4.9,5.4,1.04,4.8,4.6,5.0,0.74,,199,1494,13,12,15,1.30,22,21,23,1.03,45,37,53,2.02,3.1,1.98,30,25,37,0.14,48,-0.02,10,10,11,-1.42,16,35,46,38,53,1.21,255,1295,2.44,226,7861,29,25,33,-1.65,1876,13,11,15,-1.08,7,36,2775:1,0.42,5,26,3821:1,0.21,67,351,285:1,-3.00,2233,37,30,44,-1.62,59,41,391,87,77,96,-0.65,1,1,214,56.5,46.5,66.6,0.91,0.6,0.6,202,89,0.15,2206,3950,55.8,49.7,62.0,-0.55,644,7978,8.1,0.56,46,35,58,1.62,41,,24,67099,11500,5.8,0.84,2201,3699,60,51,68,1.51,16,8.2,1.25,148,737,2.15,84,84,67,104,0.09,10.6,0.34,Yes,1.58,1740,21,18,25,1.84,78,74,81,-2.30,79,,86,5740,35,30,39,-0.17
01089,Alabama,Madison,4061,7532,7199,7865,-1.50,16,16,17,-1.49,3.8,3.7,4.0,-1.76,3.8,3.7,3.9,-2.66,,2921,29113,10,10,10,-0.24,17,16,17,-1.63,32,30,35,-0.90,6.9,-0.42,23,20,25,-2.42,82,-1.65,14,13,14,0.46,38,182,21,17,25,-0.94,2119,611,0.10,2339,82485,28,27,30,-1.69,36806,13,11,14,-1.34,308,88,1137:1,-1.90,193,55,1829:1,-1.59,393,111,898:1,-1.05,39870,47,45,49,-1.10,47,55,5023,88,85,90,-0.94,1,1,3352,68.0,65.3,70.8,-1.57,0.7,0.6,4107,92,-0.52,65690,90437,72.6,70.3,75.0,-2.48,9303,169738,5.5,-0.84,19,16,22,-1.40,37,39,9,117677,23264,5.1,-0.15,24850,78039,32,29,34,-0.77,386,11.0,0.36,2017,584,1.26,958,55,52,59,-1.63,11.6,1.58,No,-0.62,16365,12,12,13,-0.94,87,86,88,0.70,86,72,88,140745,24,23,25,-1.39
01091,Alabama,Marengo,366,11076,9347,12805,0.30,26,25,27,0.83,4.9,4.8,5.1,0.60,4.7,4.6,4.9,0.46,,221,1754,13,11,14,0.96,20,19,20,-0.29,40,35,46,0.98,4.7,0.97,33,29,37,0.94,55,-0.34,11,10,11,-1.18,10,33,30,21,40,-0.12,144,715,0.45,226,5316,43,37,48,-0.32,2161,13,12,15,-0.93,7,35,2873:1,0.48,5,25,4006:1,0.28,5,25,4006:1,0.44,2968,66,58,75,-0.13,72,75,548,79,71,86,1.77,1,1,280,56.1,47.3,64.8,1.01,0.6,0.5,281,97,-1.81,2216,4469,49.6,42.1,57.1,0.16,570,7357,7.7,0.39,35,26,43,0.35,53,,14,72244,10742,6.7,1.97,2339,4725,50,40,59,0.69,39,19.4,-2.29,96,481,0.66,73,72,56,91,-0.63,9.8,-0.66,No,-0.62,1290,15,12,18,-0.05,85,83,88,0.23,80,,87,5779,27,23,31,-1.03
01093,Alabama,Marion,565,11024,9549,12499,0.28,21,21,22,-0.23,4.6,4.3,4.8,-0.19,4.7,4.5,4.9,0.45,,204,2170,9,8,11,-0.54,19,19,20,-0.40,36,30,41,-0.15,7.7,-0.92,30,25,36,0.11,49,-0.08,13,12,13,-0.18,2,33,6,1,16,-2.22,92,303,-0.95,305,6166,49,44,55,0.35,3641,15,14,17,0.19,8,26,3784:1,0.85,6,20,5028:1,0.60,2,7,15084:1,0.76,4801,89,81,98,1.05,,,807,89,82,95,-1.23,1,1,436,56.7,49.6,63.7,0.89,,,331,88,0.28,3684,7046,52.3,45.2,59.4,-0.15,870,12439,7.0,-0.02,30,23,37,-0.14,86,13,24,68559,14600,4.7,-0.61,1988,6395,31,25,38,-0.83,34,11.2,0.30,88,290,-0.46,166,109,93,126,1.60,9.8,-0.66,Yes,1.58,1565,12,10,15,-0.94,85,82,88,0.04,,,85,9616,27,22,31,-1.10
01095,Alabama,Marshall,1661,10993,10236,11750,0.26,22,21,22,-0.16,4.7,4.5,5.0,0.18,4.6,4.4,4.8,0.06,,753,9423,8,7,9,-1.21,19,18,20,-0.55,33,28,38,-0.69,7.5,-0.79,29,24,34,-0.43,65,-0.82,14,13,15,0.77,23,80,29,23,35,-0.26,218,230,-1.20,1203,20855,58,54,61,1.14,14751,19,17,20,1.99,56,59,1690:1,-0.61,28,30,3383:1,-0.01,206,217,460:1,-2.88,13168,71,66,76,0.11,68,,1847,84,80,89,0.06,1,1,1238,56.7,52.5,60.9,0.87,,,1158,92,-0.62,11262,23750,47.4,44.3,50.6,0.41,2329,40348,5.8,-0.69,33,27,38,0.12,53,58,25,82942,17196,4.8,-0.45,8082,23164,35,31,39,-0.51,90,9.5,0.84,193,212,-0.91,381,81,73,89,-0.12,11.3,1.21,No,-0.62,4675,14,12,15,-0.53,82,80,84,-0.90,79,71,87,30534,29,27,31,-0.83
01097,Alabama,Mobile,6705,10198,9849,10548,-0.14,21,21,21,-0.34,4.5,4.4,4.7,-0.24,4.5,4.4,4.7,-0.17,,4762,40323,12,12,12,0.59,22,21,22,0.78,37,35,40,0.23,5.7,0.34,28,26,30,-0.66,69,-1.05,15,15,16,1.53,126,335,38,35,40,0.51,3222,778,0.67,5019,100983,50,48,51,0.37,52191,15,14,16,-0.05,277,67,1499:1,-0.95,202,49,2056:1,-1.21,313,75,1327:1,-0.43,32679,63,60,66,-0.29,65,68,4348,83,81,86,0.42,1,1,2927,62.1,59.2,64.9,-0.28,0.6,0.7,4563,86,0.78,62856,105784,59.4,,,-0.96,12811,183097,7.0,-0.02,27,22,31,-0.53,44,23,15,88398,16926,5.2,0.06,43770,99595,44,42,46,0.23,483,11.6,0.17,2278,550,1.06,1642,79,75,83,-0.19,10.0,-0.41,No,-0.62,27770,18,17,19,0.76,86,85,87,0.36,85,83,87,144877,34,33,36,-0.24
01099,Alabama,Monroe,403,11849,10061,13636,0.69,26,25,27,0.86,5.2,5.0,5.4,1.06,5.1,5.0,5.3,1.83,,281,1765,16,14,18,2.53,21,20,22,0.54,35,29,42,-0.20,4.2,1.29,32,27,38,0.77,53,-0.29,11,11,12,-0.82,11,27,41,31,50,0.78,121,544,-0.13,288,5692,51,45,56,0.45,3169,18,16,20,1.40,6,27,3658:1,0.81,5,23,4335:1,0.40,13,60,1667:1,-0.16,2857,75,65,85,0.31,82,77,444,81,73,90,1.01,1,1,264,65.9,56.1,75.7,-1.11,0.6,0.7,300,86,0.88,2059,4843,42.5,35.0,50.1,0.97,736,7301,10.1,1.65,36,28,44,0.45,58,67,24,63804,8695,7.3,2.74,2567,5375,48,39,56,0.55,34,15.5,-1.06,105,488,0.70,86,77,62,96,-0.31,9.3,-1.28,No,-0.62,1350,16,13,19,0.24,90,86,93,1.53,88,,88,5821,33,28,39,-0.35
01101,Alabama,Montgomery,3133,9717,9254,10181,-0.39,23,22,23,0.10,4.8,4.7,5.0,0.39,4.5,4.3,4.6,-0.40,,2681,22661,12,11,12,0.60,21,20,21,0.40,35,32,38,-0.31,5.0,0.78,27,24,30,-1.16,76,-1.35,13,12,13,-0.12,62,157,39,36,43,0.67,2843,1254,2.30,2679,57363,47,45,49,0.08,26002,14,13,15,-0.61,208,92,1087:1,-2.08,153,68,1481:1,-2.40,244,108,928:1,-0.99,20852,45,42,48,-1.22,45,55,2658,84,81,88,0.14,1,1,1763,63.1,59.4,66.8,-0.50,0.6,0.6,2081,79,2.59,37759,61558,61.3,58.7,64.0,-1.18,6385,103579,6.2,-0.47,34,28,39,0.24,43,57,9,92273,16849,5.5,0.38,28605,54959,52,49,55,0.90,342,15.1,-0.94,937,408,0.23,738,65,60,69,-1.07,11.2,1.09,No,-0.62,16715,19,18,20,1.04,85,84,86,0.02,85,71,87,83464,18,17,19,-2.05
01103,Alabama,Morgan,1855,9424,8781,10066,-0.54,19,19,20,-0.76,4.1,3.9,4.3,-1.22,4.4,4.2,4.6,-0.63,,877,10227,9,8,9,-0.93,19,18,19,-0.81,32,27,36,-1.07,7.6,-0.86,29,25,33,-0.46,71,-1.13,13,13,14,0.35,19,74,26,20,32,-0.52,448,374,-0.71,1184,26545,45,42,47,-0.12,15946,16,15,18,0.58,65,54,1840:1,-0.40,59,49,2027:1,-1.25,143,120,836:1,-1.19,15763,66,62,70,-0.16,65,71,2364,85,82,89,-0.21,1,1,1466,62.8,58.7,66.8,-0.43,0.6,0.6,1451,91,-0.38,16394,30476,53.8,50.5,57.1,-0.32,3218,55106,5.8,-0.65,24,20,28,-0.85,44,52,15,90389,19389,4.7,-0.65,9055,27838,33,29,36,-0.71,150,12.5,-0.12,230,192,-1.03,435,73,66,79,-0.59,11.3,1.21,No,-0.62,6095,13,12,15,-0.67,88,86,90,0.99,87,77,89,44342,37,34,39,0.03
01105,Alabama,Perry,211,13849,11060,16639,1.71,29,29,30,1.63,5.3,5.1,5.5,1.31,5.0,4.8,5.2,1.43,,115,905,13,11,15,1.01,23,22,24,1.44,43,37,49,1.62,4.1,1.35,34,28,39,1.17,78,-1.47,10,9,10,-1.86,9,20,45,34,55,1.15,95,948,1.25,130,3251,40,33,47,-0.57,1135,15,13,17,0.14,3,31,3275:1,0.67,2,21,4826:1,0.55,2,21,4826:1,0.51,1488,67,55,79,-0.10,69,84,257,82,71,93,0.88,1,1,126,58.7,45.3,72.1,0.44,0.6,0.6,113,98,-1.91,783,1902,41.2,26.9,55.4,1.13,349,3501,10.0,1.59,54,41,67,2.54,63,,22,56143,9974,5.6,0.57,1607,2295,70,58,82,2.38,11,11.2,0.31,,,0.00,41,82,59,111,-0.04,9.7,-0.78,No,-0.62,715,21,15,27,1.71,84,76,93,-0.13,81,,80,2347,46,34,57,1.00
01107,Alabama,Pickens,378,11640,9751,13530,0.59,27,26,27,1.03,4.9,4.8,5.1,0.59,4.7,4.6,4.9,0.38,,196,1608,12,11,14,0.77,21,20,22,0.41,36,31,42,0.06,6.1,0.09,30,25,36,0.01,1,2.18,12,11,12,-0.61,13,30,43,34,52,1.01,133,686,0.35,177,4426,40,34,46,-0.57,2180,14,13,16,-0.39,7,34,2909:1,0.50,2,10,10432:1,1.25,2,10,10432:1,0.71,3020,80,70,90,0.58,85,88,516,88,80,96,-0.92,1,1,281,59.1,50.1,68.1,0.36,0.6,0.5,202,90,-0.09,2156,4565,47.2,,,0.43,529,7820,6.8,-0.15,35,27,44,0.41,56,,15,68063,11286,6.0,1.08,1971,4275,46,39,53,0.41,26,12.8,-0.19,42,221,-0.86,91,92,74,112,0.54,9.9,-0.53,No,-0.62,1360,17,14,20,0.53,82,81,83,-0.77,81,,81,5426,48,42,54,1.25
01109,Alabama,Pike,503,10200,8897,11504,-0.14,24,23,24,0.28,5.0,4.8,5.2,0.72,4.6,4.5,4.7,0.03,,278,2741,10,9,11,-0.19,20,20,21,0.08,38,33,44,0.54,5.7,0.34,25,21,30,-1.52,60,-0.61,13,13,14,0.39,11,39,28,20,37,-0.30,347,1041,1.57,296,11540,26,23,29,-1.95,4050,15,13,17,0.07,16,48,2087:1,-0.11,9,27,3672:1,0.14,6,18,5508:1,0.56,3979,58,51,66,-0.53,65,51,602,87,80,94,-0.75,1,1,388,69.3,61.0,77.6,-1.85,0.7,0.7,307,88,0.52,4453,7615,58.5,50.9,66.0,-0.86,1006,14929,6.7,-0.16,36,28,44,0.49,47,8,17,74483,12110,6.2,1.24,3150,6476,49,42,55,0.62,34,10.2,0.63,149,448,0.47,113,68,56,81,-0.86,9.7,-0.78,No,-0.62,2440,19,16,22,1.04,87,85,90,0.79,89,,88,12316,21,18,25,-1.69
01111,Alabama,Randolph,442,12126,10348,13903,0.84,21,20,22,-0.32,4.7,4.5,4.9,0.03,4.5,4.3,4.7,-0.20,,162,1752,9,8,11,-0.61,19,18,19,-0.71,31,26,37,-1.23,7.0,-0.48,28,23,34,-0.56,27,0.97,13,13,14,0.32,7,30,23,14,34,-0.73,90,396,-0.63,255,5684,45,39,50,-0.10,2998,17,15,19,0.92,7,31,3220:1,0.64,3,13,7565:1,1.02,5,22,4539:1,0.49,3375,56,48,64,-0.67,54,74,499,86,77,94,-0.30,1,1,319,57.1,48.8,65.3,0.80,0.6,0.6,298,95,-1.22,2427,4940,49.1,41.5,56.8,0.22,555,9443,5.9,-0.63,32,24,39,0.01,35,,22,67739,13526,5.0,-0.21,1639,5040,33,25,40,-0.71,24,10.6,0.48,41,182,-1.09,102,90,73,107,0.44,10.1,-0.28,Yes,1.58,1695,19,15,23,1.03,80,77,83,-1.58,88,,75,6711,44,37,50,0.81
01113,Alabama,Russell,813,8908,8084,9731,-0.80,24,24,25,0.45,4.6,4.4,4.8,-0.11,4.7,4.5,4.8,0.27,,566,5519,10,10,11,-0.14,22,21,23,0.96,36,30,42,0.06,5.7,0.34,31,26,36,0.24,72,-1.16,14,13,14,0.50,16,76,21,15,27,-0.92,467,784,0.69,629,13090,48,44,52,0.21,7676,15,13,17,-0.10,14,23,4258:1,0.98,9,15,6629:1,0.90,21,35,2841:1,0.26,5487,45,39,50,-1.22,45,55,976,78,73,84,1.88,1,1,470,57.7,50.8,64.5,0.67,0.6,0.6,664,84,1.43,10449,16500,63.3,58.0,68.7,-1.41,1460,24283,6.0,-0.56,36,29,43,0.52,40,34,22,78733,16169,4.9,-0.39,6530,14281,46,40,52,0.38,54,9.1,0.98,256,441,0.43,223,77,67,87,-0.36,11.2,1.09,No,-0.62,3570,17,15,19,0.45,85,83,88,0.21,83,,80,20491,36,32,40,-0.04
01115,Alabama,St. Clair,1439,10242,9472,11013,-0.12,17,17,18,-1.21,4.1,3.9,4.3,-1.25,4.3,4.2,4.5,-0.80,,636,7495,8,8,9,-0.97,18,17,19,-1.09,33,29,38,-0.74,8.1,-1.17,27,23,31,-1.06,68,-0.98,14,14,15,0.91,32,92,35,30,40,0.27,206,239,-1.17,730,17289,42,39,45,-0.35,9585,13,12,15,-0.87,18,21,4817:1,1.11,25,29,3483:1,0.05,11,13,7916:1,0.65,6676,75,69,82,0.34,,,967,87,81,93,-0.67,1,1,620,58.2,52.2,64.2,0.55,0.6,0.7,877,90,-0.12,12308,23167,53.1,48.6,57.6,-0.24,2001,38172,5.2,-0.97,18,13,22,-1.58,37,39,20,92259,21506,4.3,-1.12,5875,19847,30,24,35,-0.95,77,8.9,1.04,151,176,-1.12,398,93,84,102,0.60,11.8,1.83,No,-0.62,3790,12,11,14,-1.01,86,84,88,0.45,88,,82,31302,52,48,56,1.71
01117,Alabama,Shelby,2009,6167,5774,6561,-2.19,14,14,15,-1.93,3.4,3.2,3.5,-2.71,3.7,3.6,3.9,-2.82,,1302,17219,8,7,8,-1.41,14,13,15,-3.12,30,27,34,-1.42,8.4,-1.36,22,20,25,-2.52,73,-1.24,15,14,15,1.14,18,86,21,16,27,-0.94,418,205,-1.29,898,44474,20,19,22,-2.47,18670,11,10,12,-2.36,169,82,1223:1,-1.63,102,49,2046:1,-1.22,115,55,1815:1,-0.08,18244,47,43,50,-1.12,46,58,2030,86,82,90,-0.47,1,1,1729,69.2,65.3,73.1,-1.81,0.7,0.7,2074,95,-1.42,42006,56793,74.0,71.3,76.7,-2.63,4510,106491,4.2,-1.52,10,8,12,-2.39,13,44,6,126180,30589,4.1,-1.33,9955,49828,20,18,22,-1.74,222,10.7,0.45,275,180,-1.10,614,60,56,65,-1.33,11.4,1.33,Yes,1.58,8085,11,10,12,-1.37,86,84,87,0.25,88,67,85,85119,47,45,48,1.12
01119,Alabama,Sumter,223,12048,9589,14506,0.80,36,35,37,3.00,5.7,5.4,5.9,2.15,5.3,5.1,5.5,2.40,,120,1049,11,10,13,0.42,24,23,25,1.84,40,34,47,0.98,3.9,1.47,31,26,36,0.24,20,1.31,10,10,11,-1.55,13,29,45,36,53,1.14,149,1115,1.82,143,4381,33,27,38,-1.27,1721,17,15,19,0.88,6,46,2194:1,-0.01,2,15,6552:1,0.89,1,8,13103:1,0.74,1701,65,54,76,-0.20,48,93,330,87,77,97,-0.73,1,1,133,63.2,49.7,76.7,-0.52,0.7,0.6,161,93,-0.70,1281,2513,51.0,40.4,61.6,0.00,407,5109,8.0,0.50,44,33,56,1.40,70,,,52063,8929,5.8,0.83,1673,2686,62,50,74,1.74,18,13.7,-0.48,64,487,0.69,61,92,70,118,0.55,9.7,-0.78,Yes,1.58,1140,23,17,28,2.17,86,81,91,0.48,85,,86,3729,39,31,46,0.23
01121,Alabama,Talladega,1551,11205,10366,12044,0.37,24,23,24,0.30,4.7,4.5,4.8,0.03,4.7,4.6,4.9,0.38,,761,6366,12,11,13,0.66,22,21,22,0.76,39,35,43,0.68,6.2,0.03,34,30,38,1.20,66,-0.89,13,12,13,-0.04,31,98,32,26,37,-0.01,564,696,0.39,840,19067,44,41,47,-0.18,8812,13,12,15,-0.83,27,33,3012:1,0.55,21,26,3851:1,0.22,6,7,13477:1,0.74,9056,72,67,78,0.17,76,68,1319,83,78,88,0.48,1,1,881,57.7,52.6,62.7,0.67,0.6,0.6,882,93,-0.93,9673,20536,47.1,43.3,50.9,0.45,2310,35169,6.6,-0.25,31,25,37,-0.06,53,51,25,75377,14698,5.1,-0.06,7913,17455,45,40,51,0.35,98,12.1,0.04,301,369,0.00,349,86,77,95,0.20,11.4,1.33,No,-0.62,5125,16,14,18,0.26,84,82,87,-0.10,87,,85,25124,32,29,35,-0.54
01123,Alabama,Tallapoosa,692,9494,8412,10577,-0.50,23,23,24,0.17,4.8,4.6,5.0,0.34,4.6,4.5,4.8,0.16,,463,3389,14,13,15,1.46,19,19,20,-0.48,37,33,41,0.18,6.5,-0.16,32,27,36,0.54,66,-0.86,13,12,13,-0.03,9,38,24,15,33,-0.70,207,502,-0.27,497,9118,55,50,59,0.83,4693,14,13,16,-0.40,16,39,2573:1,0.29,12,29,3404:1,0.00,10,24,4084:1,0.45,5996,67,61,74,-0.07,67,83,833,79,73,85,1.83,1,1,584,58.6,52.4,64.8,0.47,0.6,0.5,505,87,0.76,4365,9241,47.2,41.4,53.0,0.43,1147,18717,6.1,-0.49,35,28,41,0.32,63,90,23,78957,15673,5.0,-0.18,4336,8806,49,43,55,0.67,59,14.3,-0.69,195,478,0.64,148,72,60,83,-0.64,10.4,0.09,Yes,1.58,2895,18,15,20,0.69,83,80,85,-0.67,83,,84,12896,32,28,36,-0.46
01125,Alabama,Tuscaloosa,2472,8286,7830,8742,-1.12,20,20,21,-0.52,4.5,4.3,4.6,-0.43,4.5,4.4,4.6,-0.33,,1906,17277,11,11,12,0.23,20,19,20,-0.24,34,32,37,-0.43,6.4,-0.10,26,24,29,-1.26,76,-1.34,15,15,16,1.52,54,173,31,27,35,-0.04,1497,745,0.56,1782,64094,28,27,29,-1.74,20571,12,11,13,-1.51,147,73,1376:1,-1.22,98,48,2081:1,-1.17,229,112,891:1,-1.07,21045,68,64,71,-0.05,68,82,3129,85,82,89,-0.26,1,1,1966,71.2,67.5,74.9,-2.25,0.7,0.7,1986,85,1.20,32559,52080,62.5,59.6,65.4,-1.32,5347,98051,5.5,-0.86,25,21,29,-0.73,45,36,11,93349,17932,5.2,0.04,16367,41677,39,36,42,-0.15,248,12.3,-0.03,831,415,0.27,612,61,56,66,-1.28,10.7,0.46,No,-0.62,12200,18,17,19,0.78,86,84,87,0.32,86,63,87,73970,23,21,25,-1.48
01127,Alabama,Walker,1583,14548,13478,15619,2.07,22,21,22,-0.16,4.9,4.7,5.1,0.48,5.0,4.8,5.1,1.20,,575,5713,10,9,11,-0.23,21,20,21,0.27,33,29,37,-0.69,7.2,-0.60,31,27,35,0.17,48,-0.01,12,11,12,-0.72,20,97,21,16,26,-0.96,296,449,-0.45,784,14287,55,51,59,0.87,8065,15,14,17,0.09,30,46,2182:1,-0.02,27,41,2418:1,-0.75,26,40,2511:1,0.18,7423,70,64,76,0.07,69,,1177,89,83,94,-1.31,1,1,675,62.5,56.6,68.5,-0.38,0.6,0.5,789,91,-0.24,8169,15530,52.6,48.2,57.0,-0.18,1839,25476,7.2,0.10,31,26,36,-0.06,50,58,28,75463,15522,4.9,-0.40,5392,14531,37,32,42,-0.33,92,14.1,-0.60,272,415,0.27,419,127,115,139,2.66,11.1,0.96,No,-0.62,2915,11,10,13,-1.24,84,,,-0.08,,,86,19864,40,36,43,0.34
01129,Alabama,Washington,328,10326,8491,12162,-0.08,21,20,21,-0.44,4.4,4.3,4.6,-0.45,4.5,4.4,4.7,-0.23,,122,1190,10,9,12,-0.14,19,18,19,-0.76,40,34,47,0.96,7.1,-0.54,32,26,39,0.74,10,1.75,13,13,14,0.14,7,22,32,20,43,0.01,61,361,-0.75,160,4104,39,33,45,-0.66,2093,15,13,17,0.03,2,12,8417:1,1.50,2,12,8402:1,1.10,2,12,8402:1,0.67,2344,76,65,87,0.36,73,100,358,80,71,89,1.44,1,1,229,55.9,46.2,65.6,1.05,0.6,0.6,240,91,-0.33,1651,3921,42.1,35.3,48.9,1.02,594,6702,8.9,0.99,32,25,38,-0.01,20,,30,80930,16835,4.8,-0.47,1347,3943,34,25,43,-0.57,27,16.0,-1.23,45,264,-0.61,89,105,84,129,1.32,9.5,-1.03,Yes,1.58,735,11,8,14,-1.31,80,77,84,-1.39,84,,76,4449,44,37,51,0.81
01131,Alabama,Wilcox,279,17987,15006,20968,3.00,31,30,32,2.09,5.6,5.3,5.8,1.93,5.1,4.9,5.3,1.58,,141,1005,14,12,16,1.64,24,23,25,2.10,45,39,52,2.07,1.2,3.00,34,28,39,1.34,26,1.02,9,9,10,-2.08,18,35,51,44,58,1.71,101,893,1.06,147,3096,47,40,55,0.15,1482,16,14,18,0.70,4,36,2775:1,0.42,1,9,11059:1,1.28,1,9,11059:1,0.72,1551,54,43,64,-0.78,69,55,289,88,77,99,-1.01,1,1,157,49.7,38.7,60.7,2.39,0.6,0.4,146,88,0.52,874,2432,35.9,28.1,43.8,1.73,412,2812,14.7,3.00,49,36,62,1.96,60,,12,54254,8352,6.5,1.67,1760,2788,63,49,77,1.81,11,9.9,0.71,48,419,0.29,66,117,91,149,2.06,9.4,-1.16,Yes,1.58,700,18,13,23,0.82,86,83,89,0.31,82,,,2419,30,22,38,-0.71
01133,Alabama,Winston,484,11638,9979,13297,0.59,21,20,22,-0.32,4.9,4.6,5.2,0.48,4.7,4.5,4.9,0.33,,172,1734,10,9,11,-0.30,19,18,20,-0.59,30,25,36,-1.40,7.5,-0.79,32,26,38,0.67,76,-1.38,13,12,14,0.08,8,28,29,19,39,-0.27,62,257,-1.11,243,5060,48,42,54,0.21,3143,16,14,18,0.69,10,41,2415:1,0.18,4,17,5969:1,0.80,1,4,23877:1,0.80,4063,157,144,170,4.51,,,675,85,78,92,-0.18,,,366,60.4,52.4,68.3,0.08,0.6,,348,90,-0.16,2945,5516,53.4,46.1,60.7,-0.27,712,9367,7.6,0.31,29,22,37,-0.26,,38,35,66787,14289,4.7,-0.64,1566,4943,32,23,41,-0.78,27,11.2,0.31,55,243,-0.74,115,95,78,113,0.76,10.4,0.09,No,-0.62,1200,13,10,16,-0.84,85,81,89,0.04,,,83,7125,36,31,41,-0.05